anime_id,name,genre,type,episodes,rating,members,genre_list,primary_genre,crunchyroll,image_url
1535,Death Note,"Mystery, Police, Psychological, Supernatural, Thriller",TV,37,8.71,1013917,"['Mystery', 'Police', 'Psychological', 'Supernatural', 'Thriller']",Mystery,https://www.crunchyroll.com/search?q=Death+Note,https://cdn.myanimelist.net/images/anime/1079/138100l.jpg
16498,Shingeki no Kyojin,"Action, Drama, Fantasy, Shounen, Super Power",TV,25,8.54,896229,"['Action', 'Drama', 'Fantasy', 'Shounen', 'Super Power']",Action,https://www.crunchyroll.com/search?q=Shingeki+no+Kyojin,https://cdn.myanimelist.net/images/anime/10/47347l.jpg
11757,Sword Art Online,"Action, Adventure, Fantasy, Game, Romance",TV,25,7.83,893100,"['Action', 'Adventure', 'Fantasy', 'Game', 'Romance']",Action,https://www.crunchyroll.com/search?q=Sword+Art+Online,https://cdn.myanimelist.net/images/anime/11/39717l.jpg
5114,Fullmetal Alchemist: Brotherhood,"Action, Adventure, Drama, Fantasy, Magic, Military, Shounen",TV,64,9.26,793665,"['Action', 'Adventure', 'Drama', 'Fantasy', 'Magic', 'Military', 'Shounen']",Action,https://www.crunchyroll.com/search?q=Fullmetal+Alchemist:+Brotherhood,https://cdn.myanimelist.net/images/anime/1208/94745l.jpg
6547,Angel Beats!,"Action, Comedy, Drama, School, Supernatural",TV,13,8.39,717796,"['Action', 'Comedy', 'Drama', 'School', 'Supernatural']",Action,https://www.crunchyroll.com/search?q=Angel+Beats!,https://cdn.myanimelist.net/images/anime/1244/111115l.jpg
1575,Code Geass: Hangyaku no Lelouch,"Action, Mecha, Military, School, Sci-Fi, Super Power",TV,25,8.83,715151,"['Action', 'Mecha', 'Military', 'School', 'Sci-Fi', 'Super Power']",Action,https://www.crunchyroll.com/search?q=Code+Geass:+Hangyaku+no+Lelouch,https://cdn.myanimelist.net/images/anime/1032/135088l.jpg
20,Naruto,"Action, Comedy, Martial Arts, Shounen, Super Power",TV,220,7.81,683297,"['Action', 'Comedy', 'Martial Arts', 'Shounen', 'Super Power']",Action,https://www.crunchyroll.com/search?q=Naruto,https://cdn.myanimelist.net/images/anime/1141/142503l.jpg
9253,Steins;Gate,"Sci-Fi, Thriller",TV,24,9.17,673572,"['Sci-Fi', 'Thriller']",Sci-Fi,https://www.crunchyroll.com/search?q=Steins;Gate,https://cdn.myanimelist.net/images/anime/1935/127974l.jpg
10620,Mirai Nikki (TV),"Action, Mystery, Psychological, Shounen, Supernatural, Thriller",TV,26,8.07,657190,"['Action', 'Mystery', 'Psychological', 'Shounen', 'Supernatural', 'Thriller']",Action,https://www.crunchyroll.com/search?q=Mirai+Nikki+(TV),https://cdn.myanimelist.net/images/anime/13/33465l.jpg
4224,Toradora!,"Comedy, Romance, School, Slice of Life",TV,25,8.45,633817,"['Comedy', 'Romance', 'School', 'Slice of Life']",Comedy,https://www.crunchyroll.com/search?q=Toradora!,https://cdn.myanimelist.net/images/anime/13/22128l.jpg
269,Bleach,"Action, Comedy, Shounen, Super Power, Supernatural",TV,366,7.95,624055,"['Action', 'Comedy', 'Shounen', 'Super Power', 'Supernatural']",Action,https://www.crunchyroll.com/search?q=Bleach,https://cdn.myanimelist.net/images/anime/1541/147774l.jpg
226,Elfen Lied,"Action, Drama, Horror, Psychological, Romance, Seinen, Supernatural",TV,13,7.85,623511,"['Action', 'Drama', 'Horror', 'Psychological', 'Romance', 'Seinen', 'Supernatural']",Action,https://www.crunchyroll.com/search?q=Elfen+Lied,https://cdn.myanimelist.net/images/anime/1780/121555l.jpg
22319,Tokyo Ghoul,"Action, Drama, Horror, Mystery, Psychological, Seinen, Supernatural",TV,12,8.07,618056,"['Action', 'Drama', 'Horror', 'Mystery', 'Psychological', 'Seinen', 'Supernatural']",Action,https://www.crunchyroll.com/search?q=Tokyo+Ghoul,https://cdn.myanimelist.net/images/anime/1498/134443l.jpg
19815,No Game No Life,"Adventure, Comedy, Ecchi, Fantasy, Game, Supernatural",TV,12,8.47,602291,"['Adventure', 'Comedy', 'Ecchi', 'Fantasy', 'Game', 'Supernatural']",Adventure,https://www.crunchyroll.com/search?q=No+Game+No+Life,https://cdn.myanimelist.net/images/anime/1074/111944l.jpg
121,Fullmetal Alchemist,"Action, Adventure, Comedy, Drama, Fantasy, Magic, Military, Shounen",TV,51,8.33,600384,"['Action', 'Adventure', 'Comedy', 'Drama', 'Fantasy', 'Magic', 'Military', 'Shounen']",Action,https://www.crunchyroll.com/search?q=Fullmetal+Alchemist,https://cdn.myanimelist.net/images/anime/10/75815l.jpg
6702,Fairy Tail,"Action, Adventure, Comedy, Fantasy, Magic, Shounen",TV,175,8.22,584590,"['Action', 'Adventure', 'Comedy', 'Fantasy', 'Magic', 'Shounen']",Action,https://www.crunchyroll.com/search?q=Fairy+Tail,https://cdn.myanimelist.net/images/anime/5/18179l.jpg
9919,Ao no Exorcist,"Action, Demons, Fantasy, Shounen, Supernatural",TV,25,7.92,583823,"['Action', 'Demons', 'Fantasy', 'Shounen', 'Supernatural']",Action,https://www.crunchyroll.com/search?q=Ao+no+Exorcist,https://cdn.myanimelist.net/images/anime/10/75195l.jpg
3588,Soul Eater,"Action, Adventure, Comedy, Fantasy, Shounen, Supernatural",TV,51,8.08,580184,"['Action', 'Adventure', 'Comedy', 'Fantasy', 'Shounen', 'Supernatural']",Action,https://www.crunchyroll.com/search?q=Soul+Eater,https://cdn.myanimelist.net/images/anime/1071/149486l.jpg
2904,Code Geass: Hangyaku no Lelouch R2,"Action, Drama, Mecha, Military, Sci-Fi, Super Power",TV,25,8.98,572888,"['Action', 'Drama', 'Mecha', 'Military', 'Sci-Fi', 'Super Power']",Action,https://www.crunchyroll.com/search?q=Code+Geass:+Hangyaku+no+Lelouch+R2,https://cdn.myanimelist.net/images/anime/1088/135089l.jpg
2167,Clannad,"Comedy, Drama, Romance, School, Slice of Life, Supernatural",TV,23,8.3,566690,"['Comedy', 'Drama', 'Romance', 'School', 'Slice of Life', 'Supernatural']",Comedy,https://www.crunchyroll.com/search?q=Clannad,https://cdn.myanimelist.net/images/anime/1804/95033l.jpg
2001,Tengen Toppa Gurren Lagann,"Action, Adventure, Comedy, Mecha, Sci-Fi",TV,27,8.78,562962,"['Action', 'Adventure', 'Comedy', 'Mecha', 'Sci-Fi']",Action,https://www.crunchyroll.com/search?q=Tengen+Toppa+Gurren+Lagann,https://cdn.myanimelist.net/images/anime/4/5123l.jpg
6746,Durarara!!,"Action, Mystery, Supernatural",TV,24,8.38,556431,"['Action', 'Mystery', 'Supernatural']",Action,https://www.crunchyroll.com/search?q=Durarara!!,https://cdn.myanimelist.net/images/anime/10/71772l.jpg
30276,One Punch Man,"Action, Comedy, Parody, Sci-Fi, Seinen, Super Power, Supernatural",TV,12,8.82,552458,"['Action', 'Comedy', 'Parody', 'Sci-Fi', 'Seinen', 'Super Power', 'Supernatural']",Action,https://www.crunchyroll.com/search?q=One+Punch+Man,https://cdn.myanimelist.net/images/anime/12/76049l.jpg
21881,Sword Art Online II,"Action, Adventure, Fantasy, Game, Romance",TV,24,7.35,537892,"['Action', 'Adventure', 'Fantasy', 'Game', 'Romance']",Action,https://www.crunchyroll.com/search?q=Sword+Art+Online+II,https://cdn.myanimelist.net/images/anime/1223/121999l.jpg
8074,Highschool of the Dead,"Action, Ecchi, Horror, Supernatural",TV,12,7.46,535892,"['Action', 'Ecchi', 'Horror', 'Supernatural']",Action,https://www.crunchyroll.com/search?q=Highschool+of+the+Dead,https://cdn.myanimelist.net/images/anime/11/78311l.jpg
11111,Another,"Horror, Mystery, School, Supernatural, Thriller",TV,12,7.88,534657,"['Horror', 'Mystery', 'School', 'Supernatural', 'Thriller']",Horror,https://www.crunchyroll.com/search?q=Another,https://cdn.myanimelist.net/images/anime/4/75509l.jpg
1735,Naruto: Shippuuden,"Action, Comedy, Martial Arts, Shounen, Super Power",TV,Unknown,7.94,533578,"['Action', 'Comedy', 'Martial Arts', 'Shounen', 'Super Power']",Action,https://www.crunchyroll.com/search?q=Naruto:+Shippuuden,https://cdn.myanimelist.net/images/anime/1565/111305l.jpg
20507,Noragami,"Action, Adventure, Shounen, Supernatural",TV,12,8.17,515378,"['Action', 'Adventure', 'Shounen', 'Supernatural']",Action,https://www.crunchyroll.com/search?q=Noragami,https://cdn.myanimelist.net/images/anime/1886/128266l.jpg
13601,Psycho-Pass,"Action, Police, Psychological, Sci-Fi",TV,22,8.5,509109,"['Action', 'Police', 'Psychological', 'Sci-Fi']",Action,https://www.crunchyroll.com/search?q=Psycho-Pass,https://cdn.myanimelist.net/images/anime/1314/142015l.jpg
18679,Kill la Kill,"Action, Comedy, School, Super Power",TV,24,8.23,508118,"['Action', 'Comedy', 'School', 'Super Power']",Action,https://www.crunchyroll.com/search?q=Kill+la+Kill,https://cdn.myanimelist.net/images/anime/1464/111943l.jpg
21,One Piece,"Action, Adventure, Comedy, Drama, Fantasy, Shounen, Super Power",TV,Unknown,8.58,504862,"['Action', 'Adventure', 'Comedy', 'Drama', 'Fantasy', 'Shounen', 'Super Power']",Action,https://www.crunchyroll.com/search?q=One+Piece,https://cdn.myanimelist.net/images/anime/1770/97704l.jpg
22199,Akame ga Kill!,"Action, Adventure, Fantasy",TV,24,7.84,492133,"['Action', 'Adventure', 'Fantasy']",Action,https://www.crunchyroll.com/search?q=Akame+ga+Kill!,https://cdn.myanimelist.net/images/anime/1429/95946l.jpg
1,Cowboy Bebop,"Action, Adventure, Comedy, Drama, Sci-Fi, Space",TV,26,8.82,486824,"['Action', 'Adventure', 'Comedy', 'Drama', 'Sci-Fi', 'Space']",Action,https://www.crunchyroll.com/search?q=Cowboy+Bebop,https://cdn.myanimelist.net/images/anime/4/19644l.jpg
5081,Bakemonogatari,"Mystery, Romance, Supernatural, Vampire",TV,15,8.39,482268,"['Mystery', 'Romance', 'Supernatural', 'Vampire']",Mystery,https://www.crunchyroll.com/search?q=Bakemonogatari,https://cdn.myanimelist.net/images/anime/11/75274l.jpg
199,Sen to Chihiro no Kamikakushi,"Adventure, Drama, Supernatural",Movie,1,8.93,466254,"['Adventure', 'Drama', 'Supernatural']",Adventure,https://www.crunchyroll.com/search?q=Sen+to+Chihiro+no+Kamikakushi,https://cdn.myanimelist.net/images/anime/6/79597l.jpg
9989,Ano Hi Mita Hana no Namae wo Bokutachi wa Mada Shiranai.,"Drama, Slice of Life, Supernatural",TV,11,8.62,463835,"['Drama', 'Slice of Life', 'Supernatural']",Drama,https://www.crunchyroll.com/search?q=Ano+Hi+Mita+Hana+no+Namae+wo+Bokutachi+wa+Mada+Shiranai.,https://cdn.myanimelist.net/images/anime/5/79697l.jpg
9756,Mahou Shoujo Madoka★Magica,"Drama, Magic, Psychological, Thriller",TV,12,8.51,462974,"['Drama', 'Magic', 'Psychological', 'Thriller']",Drama,https://www.crunchyroll.com/search?q=Mahou+Shoujo+Madoka★Magica,https://cdn.myanimelist.net/images/anime/11/55225l.jpg
30,Neon Genesis Evangelion,"Action, Dementia, Drama, Mecha, Psychological, Sci-Fi",TV,26,8.32,461946,"['Action', 'Dementia', 'Drama', 'Mecha', 'Psychological', 'Sci-Fi']",Action,https://www.crunchyroll.com/search?q=Neon+Genesis+Evangelion,https://cdn.myanimelist.net/images/anime/1314/108941l.jpg
10793,Guilty Crown,"Action, Drama, Sci-Fi, Super Power",TV,22,7.81,460959,"['Action', 'Drama', 'Sci-Fi', 'Super Power']",Action,https://www.crunchyroll.com/search?q=Guilty+Crown,https://cdn.myanimelist.net/images/anime/1566/133912l.jpg
4181,Clannad: After Story,"Drama, Fantasy, Romance, Slice of Life, Supernatural",TV,24,9.06,456749,"['Drama', 'Fantasy', 'Romance', 'Slice of Life', 'Supernatural']",Drama,https://www.crunchyroll.com/search?q=Clannad:+After+Story,https://cdn.myanimelist.net/images/anime/1299/110774l.jpg
10087,Fate/Zero,"Action, Fantasy, Supernatural",TV,13,8.51,453630,"['Action', 'Fantasy', 'Supernatural']",Action,https://www.crunchyroll.com/search?q=Fate/Zero,https://cdn.myanimelist.net/images/anime/1887/117644l.jpg
6880,Deadman Wonderland,"Action, Horror, Sci-Fi",TV,12,7.48,453454,"['Action', 'Horror', 'Sci-Fi']",Action,https://www.crunchyroll.com/search?q=Deadman+Wonderland,https://cdn.myanimelist.net/images/anime/9/75299l.jpg
2025,Darker than Black: Kuro no Keiyakusha,"Action, Mystery, Sci-Fi, Super Power",TV,25,8.25,440334,"['Action', 'Mystery', 'Sci-Fi', 'Super Power']",Action,https://www.crunchyroll.com/search?q=Darker+than+Black:+Kuro+no+Keiyakusha,https://cdn.myanimelist.net/images/anime/5/19570l.jpg
849,Suzumiya Haruhi no Yuuutsu,"Comedy, Mystery, Parody, School, Sci-Fi, Slice of Life",TV,14,8.06,428569,"['Comedy', 'Mystery', 'Parody', 'School', 'Sci-Fi', 'Slice of Life']",Comedy,https://www.crunchyroll.com/search?q=Suzumiya+Haruhi+no+Yuuutsu,https://cdn.myanimelist.net/images/anime/1470/137929l.jpg
11061,Hunter x Hunter (2011),"Action, Adventure, Shounen, Super Power",TV,148,9.13,425855,"['Action', 'Adventure', 'Shounen', 'Super Power']",Action,https://www.crunchyroll.com/search?q=Hunter+x+Hunter+(2011),https://cdn.myanimelist.net/images/anime/1337/99013l.jpg
22535,Kiseijuu: Sei no Kakuritsu,"Action, Drama, Horror, Psychological, Sci-Fi, Seinen",TV,24,8.59,425457,"['Action', 'Drama', 'Horror', 'Psychological', 'Sci-Fi', 'Seinen']",Action,https://www.crunchyroll.com/search?q=Kiseijuu:+Sei+no+Kakuritsu,https://cdn.myanimelist.net/images/anime/3/73178l.jpg
4898,Kuroshitsuji,"Action, Comedy, Demons, Fantasy, Historical, Shounen, Supernatural",TV,24,8.06,424919,"['Action', 'Comedy', 'Demons', 'Fantasy', 'Historical', 'Shounen', 'Supernatural']",Action,https://www.crunchyroll.com/search?q=Kuroshitsuji,https://cdn.myanimelist.net/images/anime/1467/137783l.jpg
853,Ouran Koukou Host Club,"Comedy, Harem, Romance, School, Shoujo",TV,26,8.39,422271,"['Comedy', 'Harem', 'Romance', 'School', 'Shoujo']",Comedy,https://www.crunchyroll.com/search?q=Ouran+Koukou+Host+Club,https://cdn.myanimelist.net/images/anime/2/71992l.jpg
23273,Shigatsu wa Kimi no Uso,"Drama, Music, Romance, School, Shounen",TV,22,8.92,416397,"['Drama', 'Music', 'Romance', 'School', 'Shounen']",Drama,https://www.crunchyroll.com/search?q=Shigatsu+wa+Kimi+no+Uso,https://cdn.myanimelist.net/images/anime/1405/143284l.jpg
15809,Hataraku Maou-sama!,"Comedy, Demons, Fantasy, Romance, Shounen",TV,13,8.03,409037,"['Comedy', 'Demons', 'Fantasy', 'Romance', 'Shounen']",Comedy,https://www.crunchyroll.com/search?q=Hataraku+Maou-sama!,https://cdn.myanimelist.net/images/anime/3/50177l.jpg
27899,Tokyo Ghoul √A,"Action, Drama, Horror, Mystery, Psychological, Seinen, Supernatural",TV,12,7.52,408357,"['Action', 'Drama', 'Horror', 'Mystery', 'Psychological', 'Seinen', 'Supernatural']",Action,https://www.crunchyroll.com/search?q=Tokyo+Ghoul+√A,https://cdn.myanimelist.net/images/anime/1889/123307l.jpg
31043,Boku dake ga Inai Machi,"Mystery, Psychological, Seinen, Supernatural",TV,12,8.65,402381,"['Mystery', 'Psychological', 'Seinen', 'Supernatural']",Mystery,https://www.crunchyroll.com/search?q=Boku+dake+ga+Inai+Machi,https://cdn.myanimelist.net/images/anime/10/77957l.jpg
11617,High School DxD,"Comedy, Demons, Ecchi, Harem, Romance, School",TV,12,7.7,398660,"['Comedy', 'Demons', 'Ecchi', 'Harem', 'Romance', 'School']",Comedy,https://www.crunchyroll.com/search?q=High+School+DxD,https://cdn.myanimelist.net/images/anime/1331/111940l.jpg
14741,Chuunibyou demo Koi ga Shitai!,"Comedy, Drama, Romance, School, Slice of Life",TV,12,7.95,394399,"['Comedy', 'Drama', 'Romance', 'School', 'Slice of Life']",Comedy,https://www.crunchyroll.com/search?q=Chuunibyou+demo+Koi+ga+Shitai!,https://cdn.myanimelist.net/images/anime/1905/142840l.jpg
7054,Kaichou wa Maid-sama!,"Comedy, Romance, School, Shoujo",TV,26,8.26,391628,"['Comedy', 'Romance', 'School', 'Shoujo']",Comedy,https://www.crunchyroll.com/search?q=Kaichou+wa+Maid-sama!,https://cdn.myanimelist.net/images/anime/6/25254l.jpg
205,Samurai Champloo,"Action, Adventure, Comedy, Historical, Samurai, Shounen",TV,26,8.5,390076,"['Action', 'Adventure', 'Comedy', 'Historical', 'Samurai', 'Shounen']",Action,https://www.crunchyroll.com/search?q=Samurai+Champloo,https://cdn.myanimelist.net/images/anime/1370/135212l.jpg
17265,Log Horizon,"Action, Adventure, Fantasy, Game, Magic, Shounen",TV,25,8.14,387100,"['Action', 'Adventure', 'Fantasy', 'Game', 'Magic', 'Shounen']",Action,https://www.crunchyroll.com/search?q=Log+Horizon,https://cdn.myanimelist.net/images/anime/5/84004l.jpg
5680,K-On!,"Comedy, Music, School, Slice of Life",TV,13,7.87,386048,"['Comedy', 'Music', 'School', 'Slice of Life']",Comedy,https://www.crunchyroll.com/search?q=K-On!,https://cdn.myanimelist.net/images/anime/10/76120l.jpg
28223,Death Parade,"Drama, Game, Mystery, Psychological, Thriller",TV,12,8.33,383914,"['Drama', 'Game', 'Mystery', 'Psychological', 'Thriller']",Drama,https://www.crunchyroll.com/search?q=Death+Parade,https://cdn.myanimelist.net/images/anime/5/71553l.jpg
13759,Sakurasou no Pet na Kanojo,"Comedy, Drama, Romance, School, Slice of Life",TV,24,8.4,380375,"['Comedy', 'Drama', 'Romance', 'School', 'Slice of Life']",Comedy,https://www.crunchyroll.com/search?q=Sakurasou+no+Pet+na+Kanojo,https://cdn.myanimelist.net/images/anime/4/43643l.jpg
813,Dragon Ball Z,"Action, Adventure, Comedy, Fantasy, Martial Arts, Shounen, Super Power",TV,291,8.32,375662,"['Action', 'Adventure', 'Comedy', 'Fantasy', 'Martial Arts', 'Shounen', 'Super Power']",Action,https://www.crunchyroll.com/search?q=Dragon+Ball+Z,https://cdn.myanimelist.net/images/anime/1277/142022l.jpg
356,Fate/stay night,"Action, Fantasy, Magic, Romance, Supernatural",TV,24,7.58,374880,"['Action', 'Fantasy', 'Magic', 'Romance', 'Supernatural']",Action,https://www.crunchyroll.com/search?q=Fate/stay+night,https://cdn.myanimelist.net/images/anime/4/30327l.jpg
12189,Hyouka,"Mystery, School, Slice of Life",TV,22,8.17,372246,"['Mystery', 'School', 'Slice of Life']",Mystery,https://www.crunchyroll.com/search?q=Hyouka,https://cdn.myanimelist.net/images/anime/13/50521l.jpg
2251,Baccano!,"Action, Comedy, Historical, Mystery, Seinen, Supernatural",TV,13,8.54,363215,"['Action', 'Comedy', 'Historical', 'Mystery', 'Seinen', 'Supernatural']",Action,https://www.crunchyroll.com/search?q=Baccano!,https://cdn.myanimelist.net/images/anime/3/14547l.jpg
934,Higurashi no Naku Koro ni,"Horror, Mystery, Psychological, Supernatural, Thriller",TV,26,8.17,359494,"['Horror', 'Mystery', 'Psychological', 'Supernatural', 'Thriller']",Horror,https://www.crunchyroll.com/search?q=Higurashi+no+Naku+Koro+ni,https://cdn.myanimelist.net/images/anime/12/19634l.jpg
18153,Kyoukai no Kanata,"Fantasy, Slice of Life, Supernatural",TV,12,7.88,359011,"['Fantasy', 'Slice of Life', 'Supernatural']",Fantasy,https://www.crunchyroll.com/search?q=Kyoukai+no+Kanata,https://cdn.myanimelist.net/images/anime/3/85468l.jpg
31240,Re:Zero kara Hajimeru Isekai Seikatsu,"Drama, Fantasy, Psychological, Thriller",TV,25,8.64,355839,"['Drama', 'Fantasy', 'Psychological', 'Thriller']",Drama,https://www.crunchyroll.com/search?q=Re:Zero+kara+Hajimeru+Isekai+Seikatsu,https://cdn.myanimelist.net/images/anime/1522/128039l.jpg
14813,Yahari Ore no Seishun Love Comedy wa Machigatteiru.,"Comedy, Drama, Romance, School",TV,13,8.12,353876,"['Comedy', 'Drama', 'Romance', 'School']",Comedy,https://www.crunchyroll.com/search?q=Yahari+Ore+no+Seishun+Love+Comedy+wa+Machigatteiru.,https://cdn.myanimelist.net/images/anime/1786/120117l.jpg
14227,Tonari no Kaibutsu-kun,"Comedy, Romance, School, Shoujo, Slice of Life",TV,13,7.77,349836,"['Comedy', 'Romance', 'School', 'Shoujo', 'Slice of Life']",Comedy,https://www.crunchyroll.com/search?q=Tonari+no+Kaibutsu-kun,https://cdn.myanimelist.net/images/anime/4/39779l.jpg
28171,Shokugeki no Souma,"Ecchi, School, Shounen",TV,24,8.61,348951,"['Ecchi', 'School', 'Shounen']",Ecchi,https://www.crunchyroll.com/search?q=Shokugeki+no+Souma,https://cdn.myanimelist.net/images/anime/1444/148976l.jpg
18897,Nisekoi,"Comedy, Harem, Romance, School, Shounen",TV,20,7.91,347599,"['Comedy', 'Harem', 'Romance', 'School', 'Shounen']",Comedy,https://www.crunchyroll.com/search?q=Nisekoi,https://cdn.myanimelist.net/images/anime/13/75587l.jpg
1195,Zero no Tsukaima,"Action, Adventure, Comedy, Ecchi, Fantasy, Harem, Magic, Romance, School",TV,13,7.62,346828,"['Action', 'Adventure', 'Comedy', 'Ecchi', 'Fantasy', 'Harem', 'Magic', 'Romance', 'School']",Action,https://www.crunchyroll.com/search?q=Zero+no+Tsukaima,https://cdn.myanimelist.net/images/anime/8/20680l.jpg
23283,Zankyou no Terror,"Psychological, Thriller",TV,11,8.26,342893,"['Psychological', 'Thriller']",Psychological,https://www.crunchyroll.com/search?q=Zankyou+no+Terror,https://cdn.myanimelist.net/images/anime/1417/117422l.jpg
11741,Fate/Zero 2nd Season,"Action, Fantasy, Supernatural, Thriller",TV,12,8.73,340973,"['Action', 'Fantasy', 'Supernatural', 'Thriller']",Action,https://www.crunchyroll.com/search?q=Fate/Zero+2nd+Season,https://cdn.myanimelist.net/images/anime/1522/117645l.jpg
164,Mononoke Hime,"Action, Adventure, Fantasy",Movie,1,8.81,339556,"['Action', 'Adventure', 'Fantasy']",Action,https://www.crunchyroll.com/search?q=Mononoke+Hime,https://cdn.myanimelist.net/images/anime/1355/147277l.jpg
11771,Kuroko no Basket,"Comedy, School, Shounen, Sports",TV,25,8.46,338315,"['Comedy', 'School', 'Shounen', 'Sports']",Comedy,https://www.crunchyroll.com/search?q=Kuroko+no+Basket,https://cdn.myanimelist.net/images/anime/11/50453l.jpg
918,Gintama,"Action, Comedy, Historical, Parody, Samurai, Sci-Fi, Shounen",TV,201,9.04,336376,"['Action', 'Comedy', 'Historical', 'Parody', 'Samurai', 'Sci-Fi', 'Shounen']",Action,https://www.crunchyroll.com/search?q=Gintama,https://cdn.myanimelist.net/images/anime/4/50361l.jpg
28121,Dungeon ni Deai wo Motomeru no wa Machigatteiru Darou ka,"Action, Adventure, Comedy, Fantasy, Romance",TV,13,7.88,336349,"['Action', 'Adventure', 'Comedy', 'Fantasy', 'Romance']",Action,https://www.crunchyroll.com/search?q=Dungeon+ni+Deai+wo+Motomeru+no+wa+Machigatteiru+Darou+ka,https://cdn.myanimelist.net/images/anime/1172/148981l.jpg
2966,Ookami to Koushinryou,"Adventure, Fantasy, Historical, Romance",TV,13,8.37,334932,"['Adventure', 'Fantasy', 'Historical', 'Romance']",Adventure,https://www.crunchyroll.com/search?q=Ookami+to+Koushinryou,https://cdn.myanimelist.net/images/anime/5/59401l.jpg
1482,D.Gray-man,"Action, Adventure, Comedy, Shounen",TV,103,8.2,334399,"['Action', 'Adventure', 'Comedy', 'Shounen']",Action,https://www.crunchyroll.com/search?q=D.Gray-man,https://cdn.myanimelist.net/images/anime/1127/141116l.jpg
431,Howl no Ugoku Shiro,"Adventure, Drama, Fantasy, Romance",Movie,1,8.74,333186,"['Adventure', 'Drama', 'Fantasy', 'Romance']",Adventure,https://www.crunchyroll.com/search?q=Howl+no+Ugoku+Shiro,https://cdn.myanimelist.net/images/anime/1470/138723l.jpg
889,Black Lagoon,"Action, Seinen",TV,12,8.17,332562,"['Action', 'Seinen']",Action,https://www.crunchyroll.com/search?q=Black+Lagoon,https://cdn.myanimelist.net/images/anime/1906/121592l.jpg
23755,Nanatsu no Taizai,"Action, Adventure, Ecchi, Fantasy, Shounen, Supernatural",TV,24,8.42,331627,"['Action', 'Adventure', 'Ecchi', 'Fantasy', 'Shounen', 'Supernatural']",Action,https://www.crunchyroll.com/search?q=Nanatsu+no+Taizai,https://cdn.myanimelist.net/images/anime/8/65409l.jpg
14345,Btooom!,"Action, Psychological, Sci-Fi, Seinen",TV,12,7.68,329561,"['Action', 'Psychological', 'Sci-Fi', 'Seinen']",Action,https://www.crunchyroll.com/search?q=Btooom!,https://cdn.myanimelist.net/images/anime/4/40977l.jpg
10719,Boku wa Tomodachi ga Sukunai,"Comedy, Ecchi, Harem, Romance, School, Seinen, Slice of Life",TV,12,7.57,325664,"['Comedy', 'Ecchi', 'Harem', 'Romance', 'School', 'Seinen', 'Slice of Life']",Comedy,https://www.crunchyroll.com/search?q=Boku+wa+Tomodachi+ga+Sukunai,https://cdn.myanimelist.net/images/anime/8/32873l.jpg
11759,Accel World,"Action, Game, Romance, School, Sci-Fi",TV,24,7.62,324284,"['Action', 'Game', 'Romance', 'School', 'Sci-Fi']",Action,https://www.crunchyroll.com/search?q=Accel+World,https://cdn.myanimelist.net/images/anime/1002/135430l.jpg
1689,Byousoku 5 Centimeter,"Drama, Romance, Slice of Life",Movie,3,8.1,324035,"['Drama', 'Romance', 'Slice of Life']",Drama,https://www.crunchyroll.com/search?q=Byousoku+5+Centimeter,https://cdn.myanimelist.net/images/anime/1410/112994l.jpg
8769,Ore no Imouto ga Konnani Kawaii Wake ga Nai,"Comedy, Seinen, Slice of Life",TV,12,7.49,321477,"['Comedy', 'Seinen', 'Slice of Life']",Comedy,https://www.crunchyroll.com/search?q=Ore+no+Imouto+ga+Konnani+Kawaii+Wake+ga+Nai,https://cdn.myanimelist.net/images/anime/1325/100406l.jpg
20787,Black Bullet,"Action, Mystery, Sci-Fi, Seinen",TV,13,7.44,320267,"['Action', 'Mystery', 'Sci-Fi', 'Seinen']",Action,https://www.crunchyroll.com/search?q=Black+Bullet,https://cdn.myanimelist.net/images/anime/1292/94693l.jpg
14513,Magi: The Labyrinth of Magic,"Action, Adventure, Fantasy, Magic, Shounen",TV,25,8.24,317513,"['Action', 'Adventure', 'Fantasy', 'Magic', 'Shounen']",Action,https://www.crunchyroll.com/search?q=Magi:+The+Labyrinth+of+Magic,https://cdn.myanimelist.net/images/anime/11/42773l.jpg
1818,Claymore,"Action, Adventure, Demons, Fantasy, Shounen, Super Power, Supernatural",TV,26,7.92,316853,"['Action', 'Adventure', 'Demons', 'Fantasy', 'Shounen', 'Super Power', 'Supernatural']",Action,https://www.crunchyroll.com/search?q=Claymore,https://cdn.myanimelist.net/images/anime/3/21834l.jpg
223,Dragon Ball,"Adventure, Comedy, Fantasy, Martial Arts, Shounen, Super Power",TV,153,8.16,316102,"['Adventure', 'Comedy', 'Fantasy', 'Martial Arts', 'Shounen', 'Super Power']",Adventure,https://www.crunchyroll.com/search?q=Dragon+Ball,https://cdn.myanimelist.net/images/anime/1887/92364l.jpg
26243,Owari no Seraph,"Action, Drama, Shounen, Supernatural, Vampire",TV,12,7.65,315630,"['Action', 'Drama', 'Shounen', 'Supernatural', 'Vampire']",Action,https://www.crunchyroll.com/search?q=Owari+no+Seraph,https://cdn.myanimelist.net/images/anime/1879/148979l.jpg
4654,Toaru Majutsu no Index,"Action, Magic, Sci-Fi, Super Power",TV,24,7.69,313114,"['Action', 'Magic', 'Sci-Fi', 'Super Power']",Action,https://www.crunchyroll.com/search?q=Toaru+Majutsu+no+Index,https://cdn.myanimelist.net/images/anime/2/75533l.jpg
24833,Ansatsu Kyoushitsu (TV),"Action, Comedy, School, Shounen",TV,22,8.2,312654,"['Action', 'Comedy', 'School', 'Shounen']",Action,https://www.crunchyroll.com/search?q=Ansatsu+Kyoushitsu+(TV),https://cdn.myanimelist.net/images/anime/5/75639l.jpg
28999,Charlotte,"Drama, School, Super Power",TV,13,7.91,310137,"['Drama', 'School', 'Super Power']",Drama,https://www.crunchyroll.com/search?q=Charlotte,https://cdn.myanimelist.net/images/anime/1826/147276l.jpg
6045,Kimi ni Todoke,"Romance, School, Shoujo, Slice of Life",TV,25,8.19,309339,"['Romance', 'School', 'Shoujo', 'Slice of Life']",Romance,https://www.crunchyroll.com/search?q=Kimi+ni+Todoke,https://cdn.myanimelist.net/images/anime/1502/124384l.jpg
270,Hellsing,"Action, Horror, Seinen, Supernatural, Vampire",TV,13,7.64,308995,"['Action', 'Horror', 'Seinen', 'Supernatural', 'Vampire']",Action,https://www.crunchyroll.com/search?q=Hellsing,https://cdn.myanimelist.net/images/anime/10/19956l.jpg
1887,Lucky☆Star,"Comedy, Parody, School, Slice of Life",TV,24,7.87,305837,"['Comedy', 'Parody', 'School', 'Slice of Life']",Comedy,https://www.crunchyroll.com/search?q=Lucky☆Star,https://cdn.myanimelist.net/images/anime/1561/115660l.jpg
227,FLCL,"Action, Comedy, Dementia, Mecha, Parody, Sci-Fi",OVA,6,8.06,305165,"['Action', 'Comedy', 'Dementia', 'Mecha', 'Parody', 'Sci-Fi']",Action,https://www.crunchyroll.com/search?q=FLCL,https://cdn.myanimelist.net/images/anime/7/77356l.jpg
15583,Date A Live,"Comedy, Harem, Mecha, Romance, School, Sci-Fi",TV,12,7.54,301358,"['Comedy', 'Harem', 'Mecha', 'Romance', 'School', 'Sci-Fi']",Comedy,https://www.crunchyroll.com/search?q=Date+A+Live,https://cdn.myanimelist.net/images/anime/13/44844l.jpg
6347,Baka to Test to Shoukanjuu,"Comedy, Romance, School, Super Power",TV,13,7.83,301282,"['Comedy', 'Romance', 'School', 'Super Power']",Comedy,https://www.crunchyroll.com/search?q=Baka+to+Test+to+Shoukanjuu,https://cdn.myanimelist.net/images/anime/3/50389l.jpg
457,Mushishi,"Adventure, Fantasy, Historical, Mystery, Seinen, Slice of Life, Supernatural",TV,26,8.78,300030,"['Adventure', 'Fantasy', 'Historical', 'Mystery', 'Seinen', 'Slice of Life', 'Supernatural']",Adventure,https://www.crunchyroll.com/search?q=Mushishi,https://cdn.myanimelist.net/images/anime/2/73862l.jpg
30503,Noragami Aragoto,"Action, Adventure, Shounen, Supernatural",TV,13,8.48,299434,"['Action', 'Adventure', 'Shounen', 'Supernatural']",Action,https://www.crunchyroll.com/search?q=Noragami+Aragoto,https://cdn.myanimelist.net/images/anime/1689/94850l.jpg
2993,Rosario to Vampire,"Comedy, Ecchi, Fantasy, Harem, Romance, School, Shounen, Vampire",TV,13,7.14,299278,"['Comedy', 'Ecchi', 'Fantasy', 'Harem', 'Romance', 'School', 'Shounen', 'Vampire']",Comedy,https://www.crunchyroll.com/search?q=Rosario+to+Vampire,https://cdn.myanimelist.net/images/anime/12/75242l.jpg
16592,Danganronpa: Kibou no Gakuen to Zetsubou no Koukousei The Animation,"Action, Horror, Mystery, Psychological",TV,13,7.49,298550,"['Action', 'Horror', 'Mystery', 'Psychological']",Action,https://www.crunchyroll.com/search?q=Danganronpa:+Kibou+no+Gakuen+to+Zetsubou+no+Koukousei+The+Animation,https://cdn.myanimelist.net/images/anime/4/51463l.jpg
777,Hellsing Ultimate,"Action, Horror, Military, Seinen, Supernatural, Vampire",OVA,10,8.59,297454,"['Action', 'Horror', 'Military', 'Seinen', 'Supernatural', 'Vampire']",Action,https://www.crunchyroll.com/search?q=Hellsing+Ultimate,https://cdn.myanimelist.net/images/anime/1012/143965l.jpg
355,Shakugan no Shana,"Action, Drama, Fantasy, Romance, School, Supernatural",TV,24,7.74,297058,"['Action', 'Drama', 'Fantasy', 'Romance', 'School', 'Supernatural']",Action,https://www.crunchyroll.com/search?q=Shakugan+no+Shana,https://cdn.myanimelist.net/images/anime/8/21197l.jpg
14467,K,"Action, Super Power, Supernatural",TV,13,7.73,297051,"['Action', 'Super Power', 'Supernatural']",Action,https://www.crunchyroll.com/search?q=K,https://cdn.myanimelist.net/images/anime/3/47607l.jpg
8841,Kore wa Zombie Desu ka?,"Action, Comedy, Ecchi, Harem, Magic, Supernatural",TV,12,7.67,295782,"['Action', 'Comedy', 'Ecchi', 'Harem', 'Magic', 'Supernatural']",Action,https://www.crunchyroll.com/search?q=Kore+wa+Zombie+Desu+ka?,https://cdn.myanimelist.net/images/anime/13/75521l.jpg
23289,Gekkan Shoujo Nozaki-kun,"Comedy, Romance, School",TV,12,8.24,292622,"['Comedy', 'Romance', 'School']",Comedy,https://www.crunchyroll.com/search?q=Gekkan+Shoujo+Nozaki-kun,https://cdn.myanimelist.net/images/anime/5/66083l.jpg
1210,NHK ni Youkoso!,"Comedy, Drama, Psychological, Romance",TV,24,8.4,291228,"['Comedy', 'Drama', 'Psychological', 'Romance']",Comedy,https://www.crunchyroll.com/search?q=NHK+ni+Youkoso!,https://cdn.myanimelist.net/images/anime/3/52675l.jpg
2236,Toki wo Kakeru Shoujo,"Adventure, Drama, Romance, Sci-Fi",Movie,1,8.44,289206,"['Adventure', 'Drama', 'Romance', 'Sci-Fi']",Adventure,https://www.crunchyroll.com/search?q=Toki+wo+Kakeru+Shoujo,https://cdn.myanimelist.net/images/anime/1/2432l.jpg
13125,Shinsekai yori,"Drama, Horror, Mystery, Sci-Fi, Supernatural",TV,25,8.53,288376,"['Drama', 'Horror', 'Mystery', 'Sci-Fi', 'Supernatural']",Drama,https://www.crunchyroll.com/search?q=Shinsekai+yori,https://cdn.myanimelist.net/images/anime/1549/136389l.jpg
3457,Vampire Knight,"Drama, Mystery, Romance, Shoujo, Supernatural, Vampire",TV,13,7.4,286826,"['Drama', 'Mystery', 'Romance', 'Shoujo', 'Supernatural', 'Vampire']",Drama,https://www.crunchyroll.com/search?q=Vampire+Knight,https://cdn.myanimelist.net/images/anime/3/7327l.jpg
20785,Mahouka Koukou no Rettousei,"Magic, Romance, School, Sci-Fi, Supernatural",TV,26,7.76,285317,"['Magic', 'Romance', 'School', 'Sci-Fi', 'Supernatural']",Magic,https://www.crunchyroll.com/search?q=Mahouka+Koukou+no+Rettousei,https://cdn.myanimelist.net/images/anime/11/61039l.jpg
8525,Kami nomi zo Shiru Sekai,"Comedy, Harem, Romance, Shounen, Supernatural",TV,12,7.95,284846,"['Comedy', 'Harem', 'Romance', 'Shounen', 'Supernatural']",Comedy,https://www.crunchyroll.com/search?q=Kami+nomi+zo+Shiru+Sekai,https://cdn.myanimelist.net/images/anime/2/43361l.jpg
20583,Haikyuu!!,"Comedy, Drama, School, Shounen, Sports",TV,25,8.68,284498,"['Comedy', 'Drama', 'School', 'Shounen', 'Sports']",Comedy,https://www.crunchyroll.com/search?q=Haikyuu!!,https://cdn.myanimelist.net/images/anime/7/76014l.jpg
11887,Kokoro Connect,"Comedy, Drama, Romance, School, Slice of Life, Supernatural",TV,13,8.01,283847,"['Comedy', 'Drama', 'Romance', 'School', 'Slice of Life', 'Supernatural']",Comedy,https://www.crunchyroll.com/search?q=Kokoro+Connect,https://cdn.myanimelist.net/images/anime/2/39665l.jpg
6,Trigun,"Action, Comedy, Sci-Fi",TV,26,8.32,283069,"['Action', 'Comedy', 'Sci-Fi']",Action,https://www.crunchyroll.com/search?q=Trigun,https://cdn.myanimelist.net/images/anime/1130/120002l.jpg
31964,Boku no Hero Academia,"Action, Comedy, School, Shounen, Super Power",TV,13,8.36,282002,"['Action', 'Comedy', 'School', 'Shounen', 'Super Power']",Action,https://www.crunchyroll.com/search?q=Boku+no+Hero+Academia,https://cdn.myanimelist.net/images/anime/10/78745l.jpg
249,InuYasha,"Action, Adventure, Comedy, Demons, Fantasy, Magic, Romance, Shounen, Supernatural",TV,167,7.89,281632,"['Action', 'Adventure', 'Comedy', 'Demons', 'Fantasy', 'Magic', 'Romance', 'Shounen', 'Supernatural']",Action,https://www.crunchyroll.com/search?q=InuYasha,https://cdn.myanimelist.net/images/anime/1589/95329l.jpg
5630,Higashi no Eden,"Action, Comedy, Drama, Mystery, Romance, Sci-Fi, Thriller",TV,11,8.03,276593,"['Action', 'Comedy', 'Drama', 'Mystery', 'Romance', 'Sci-Fi', 'Thriller']",Action,https://www.crunchyroll.com/search?q=Higashi+no+Eden,https://cdn.myanimelist.net/images/anime/9/15033l.jpg
17895,Golden Time,"Comedy, Romance, Seinen",TV,24,7.92,273191,"['Comedy', 'Romance', 'Seinen']",Comedy,https://www.crunchyroll.com/search?q=Golden+Time,https://cdn.myanimelist.net/images/anime/12/52091l.jpg
523,Tonari no Totoro,"Adventure, Comedy, Supernatural",Movie,1,8.48,271484,"['Adventure', 'Comedy', 'Supernatural']",Adventure,https://www.crunchyroll.com/search?q=Tonari+no+Totoro,https://cdn.myanimelist.net/images/anime/1110/147278l.jpg
245,Great Teacher Onizuka,"Comedy, Drama, School, Shounen, Slice of Life",TV,43,8.77,268487,"['Comedy', 'Drama', 'School', 'Shounen', 'Slice of Life']",Comedy,https://www.crunchyroll.com/search?q=Great+Teacher+Onizuka,https://cdn.myanimelist.net/images/anime/13/11460l.jpg
22297,Fate/stay night: Unlimited Blade Works,"Action, Fantasy, Magic, Shounen, Supernatural",TV,12,8.42,267484,"['Action', 'Fantasy', 'Magic', 'Shounen', 'Supernatural']",Action,https://www.crunchyroll.com/search?q=Fate/stay+night:+Unlimited+Blade+Works,https://cdn.myanimelist.net/images/anime/12/67333l.jpg
59,Chobits,"Comedy, Drama, Ecchi, Romance, Sci-Fi, Seinen",TV,26,7.57,266846,"['Comedy', 'Drama', 'Ecchi', 'Romance', 'Sci-Fi', 'Seinen']",Comedy,https://www.crunchyroll.com/search?q=Chobits,https://cdn.myanimelist.net/images/anime/4/24648l.jpg
15451,High School DxD New,"Action, Comedy, Demons, Ecchi, Harem, Romance, School",TV,12,7.87,266657,"['Action', 'Comedy', 'Demons', 'Ecchi', 'Harem', 'Romance', 'School']",Action,https://www.crunchyroll.com/search?q=High+School+DxD+New,https://cdn.myanimelist.net/images/anime/12/47729l.jpg
18507,Free!,"Comedy, School, Slice of Life, Sports",TV,12,7.67,265791,"['Comedy', 'School', 'Slice of Life', 'Sports']",Comedy,https://www.crunchyroll.com/search?q=Free!,https://cdn.myanimelist.net/images/anime/6/51107l.jpg
790,Ergo Proxy,"Mystery, Psychological, Sci-Fi",TV,23,8.03,265005,"['Mystery', 'Psychological', 'Sci-Fi']",Mystery,https://www.crunchyroll.com/search?q=Ergo+Proxy,https://cdn.myanimelist.net/images/anime/1183/136187l.jpg
11597,Nisemonogatari,"Comedy, Mystery, Supernatural",TV,11,8.21,260062,"['Comedy', 'Mystery', 'Supernatural']",Comedy,https://www.crunchyroll.com/search?q=Nisemonogatari,https://cdn.myanimelist.net/images/anime/1044/103654l.jpg
14075,Zetsuen no Tempest,"Action, Drama, Fantasy, Magic, Mystery, Psychological, Shounen",TV,24,8.17,259900,"['Action', 'Drama', 'Fantasy', 'Magic', 'Mystery', 'Psychological', 'Shounen']",Action,https://www.crunchyroll.com/search?q=Zetsuen+no+Tempest,https://cdn.myanimelist.net/images/anime/7/42453l.jpg
11843,Danshi Koukousei no Nichijou,"Comedy, School, Shounen, Slice of Life",TV,12,8.35,258914,"['Comedy', 'School', 'Shounen', 'Slice of Life']",Comedy,https://www.crunchyroll.com/search?q=Danshi+Koukousei+no+Nichijou,https://cdn.myanimelist.net/images/anime/3/33257l.jpg
1604,Katekyo Hitman Reborn!,"Action, Comedy, Shounen, Super Power",TV,203,8.37,258103,"['Action', 'Comedy', 'Shounen', 'Super Power']",Action,https://www.crunchyroll.com/search?q=Katekyo+Hitman+Reborn!,https://cdn.myanimelist.net/images/anime/1531/142751l.jpg
16742,Watashi ga Motenai no wa Dou Kangaetemo Omaera ga Warui!,"Comedy, School, Shounen, Slice of Life",TV,12,7.29,257925,"['Comedy', 'School', 'Shounen', 'Slice of Life']",Comedy,https://www.crunchyroll.com/search?q=Watashi+ga+Motenai+no+wa+Dou+Kangaetemo+Omaera+ga+Warui!,https://cdn.myanimelist.net/images/anime/12/51619l.jpg
71,Full Metal Panic!,"Action, Comedy, Mecha, Military, Sci-Fi",TV,24,7.81,256325,"['Action', 'Comedy', 'Mecha', 'Military', 'Sci-Fi']",Action,https://www.crunchyroll.com/search?q=Full+Metal+Panic!,https://cdn.myanimelist.net/images/anime/2/75259l.jpg
22043,Fairy Tail (2014),"Action, Adventure, Comedy, Fantasy, Magic, Shounen",TV,102,8.25,255076,"['Action', 'Adventure', 'Comedy', 'Fantasy', 'Magic', 'Shounen']",Action,https://www.crunchyroll.com/search?q=Fairy+Tail+(2014),https://cdn.myanimelist.net/images/anime/3/60551l.jpg
9041,IS: Infinite Stratos,"Action, Comedy, Harem, Mecha, Sci-Fi",TV,12,7.12,254543,"['Action', 'Comedy', 'Harem', 'Mecha', 'Sci-Fi']",Action,https://www.crunchyroll.com/search?q=IS:+Infinite+Stratos,https://cdn.myanimelist.net/images/anime/3/74045l.jpg
10165,Nichijou,"Comedy, School, Slice of Life",TV,26,8.52,254436,"['Comedy', 'School', 'Slice of Life']",Comedy,https://www.crunchyroll.com/search?q=Nichijou,https://cdn.myanimelist.net/images/anime/3/75617l.jpg
28623,Koutetsujou no Kabaneri,"Action, Drama, Fantasy, Horror",TV,12,7.39,253027,"['Action', 'Drama', 'Fantasy', 'Horror']",Action,https://www.crunchyroll.com/search?q=Koutetsujou+no+Kabaneri,https://cdn.myanimelist.net/images/anime/12/79164l.jpg
7724,Shiki,"Mystery, Supernatural, Thriller, Vampire",TV,22,7.99,251093,"['Mystery', 'Supernatural', 'Thriller', 'Vampire']",Mystery,https://www.crunchyroll.com/search?q=Shiki,https://cdn.myanimelist.net/images/anime/1531/119165l.jpg
19,Monster,"Drama, Horror, Mystery, Police, Psychological, Seinen, Thriller",TV,74,8.72,247562,"['Drama', 'Horror', 'Mystery', 'Police', 'Psychological', 'Seinen', 'Thriller']",Drama,https://www.crunchyroll.com/search?q=Monster,https://cdn.myanimelist.net/images/anime/1648/152231l.jpg
7674,Bakuman.,"Comedy, Romance, Shounen",TV,25,8.35,246899,"['Comedy', 'Romance', 'Shounen']",Comedy,https://www.crunchyroll.com/search?q=Bakuman.,https://cdn.myanimelist.net/images/anime/6/26138l.jpg
7791,K-On!!,"Comedy, Music, School, Slice of Life",TV,26,8.14,246276,"['Comedy', 'Music', 'School', 'Slice of Life']",Comedy,https://www.crunchyroll.com/search?q=K-On!!,https://cdn.myanimelist.net/images/anime/10/76120l.jpg
18115,Magi: The Kingdom of Magic,"Action, Adventure, Fantasy, Magic, Shounen",TV,25,8.5,245026,"['Action', 'Adventure', 'Fantasy', 'Magic', 'Shounen']",Action,https://www.crunchyroll.com/search?q=Magi:+The+Kingdom+of+Magic,https://cdn.myanimelist.net/images/anime/13/55039l.jpg
30831,Kono Subarashii Sekai ni Shukufuku wo!,"Adventure, Comedy, Fantasy, Supernatural",TV,10,8.03,244877,"['Adventure', 'Comedy', 'Fantasy', 'Supernatural']",Adventure,https://www.crunchyroll.com/search?q=Kono+Subarashii+Sekai+ni+Shukufuku+wo!,https://cdn.myanimelist.net/images/anime/1895/142748l.jpg
28907,"Gate: Jieitai Kanochi nite, Kaku Tatakaeri","Action, Adventure, Fantasy, Military",TV,12,7.97,244314,"['Action', 'Adventure', 'Fantasy', 'Military']",Action,"https://www.crunchyroll.com/search?q=Gate:+Jieitai+Kanochi+nite,+Kaku+Tatakaeri",https://cdn.myanimelist.net/images/anime/8/76222l.jpg
29803,Overlord,"Action, Adventure, Fantasy, Game, Magic, Supernatural",TV,13,8.04,244268,"['Action', 'Adventure', 'Fantasy', 'Game', 'Magic', 'Supernatural']",Action,https://www.crunchyroll.com/search?q=Overlord,https://cdn.myanimelist.net/images/anime/1945/136600l.jpg
22729,Aldnoah.Zero,"Action, Mecha, Sci-Fi",TV,12,7.66,244193,"['Action', 'Mecha', 'Sci-Fi']",Action,https://www.crunchyroll.com/search?q=Aldnoah.Zero,https://cdn.myanimelist.net/images/anime/10/71297l.jpg
4382,Suzumiya Haruhi no Yuuutsu (2009),"Comedy, Mystery, Parody, Romance, School, Sci-Fi, Slice of Life",TV,14,7.28,243448,"['Comedy', 'Mystery', 'Parody', 'Romance', 'School', 'Sci-Fi', 'Slice of Life']",Comedy,https://www.crunchyroll.com/search?q=Suzumiya+Haruhi+no+Yuuutsu+(2009),https://cdn.myanimelist.net/images/anime/8/75377l.jpg
16894,Kuroko no Basket 2nd Season,"Comedy, School, Shounen, Sports",TV,25,8.58,243325,"['Comedy', 'School', 'Shounen', 'Sports']",Comedy,https://www.crunchyroll.com/search?q=Kuroko+no+Basket+2nd+Season,https://cdn.myanimelist.net/images/anime/9/56155l.jpg
120,Fruits Basket,"Comedy, Drama, Fantasy, Romance, Shoujo, Slice of Life",TV,26,7.8,242553,"['Comedy', 'Drama', 'Fantasy', 'Romance', 'Shoujo', 'Slice of Life']",Comedy,https://www.crunchyroll.com/search?q=Fruits+Basket,https://cdn.myanimelist.net/images/anime/4/75204l.jpg
11633,Blood Lad,"Action, Comedy, Demons, Seinen, Supernatural, Vampire",TV,10,7.55,241513,"['Action', 'Comedy', 'Demons', 'Seinen', 'Supernatural', 'Vampire']",Action,https://www.crunchyroll.com/search?q=Blood+Lad,https://cdn.myanimelist.net/images/anime/11/47677l.jpg
7311,Suzumiya Haruhi no Shoushitsu,"Comedy, Mystery, Romance, School, Sci-Fi, Supernatural",Movie,1,8.81,240297,"['Comedy', 'Mystery', 'Romance', 'School', 'Sci-Fi', 'Supernatural']",Comedy,https://www.crunchyroll.com/search?q=Suzumiya+Haruhi+no+Shoushitsu,https://cdn.myanimelist.net/images/anime/1248/112352l.jpg
237,Eureka Seven,"Adventure, Drama, Mecha, Romance, Sci-Fi",TV,50,8.19,239570,"['Adventure', 'Drama', 'Mecha', 'Romance', 'Sci-Fi']",Adventure,https://www.crunchyroll.com/search?q=Eureka+Seven,https://cdn.myanimelist.net/images/anime/12/34443l.jpg
3455,To LOVE-Ru,"Comedy, Ecchi, Harem, Romance, School, Sci-Fi",TV,26,7.34,237563,"['Comedy', 'Ecchi', 'Harem', 'Romance', 'School', 'Sci-Fi']",Comedy,https://www.crunchyroll.com/search?q=To+LOVE-Ru,https://cdn.myanimelist.net/images/anime/1292/147431l.jpg
1840,Zero no Tsukaima: Futatsuki no Kishi,"Action, Adventure, Comedy, Ecchi, Fantasy, Harem, Magic, Romance, School",TV,12,7.73,235684,"['Action', 'Adventure', 'Comedy', 'Ecchi', 'Fantasy', 'Harem', 'Magic', 'Romance', 'School']",Action,https://www.crunchyroll.com/search?q=Zero+no+Tsukaima:+Futatsuki+no+Kishi,https://cdn.myanimelist.net/images/anime/2/22740l.jpg
2034,Lovely★Complex,"Comedy, Romance, Shoujo",TV,24,8.23,235003,"['Comedy', 'Romance', 'Shoujo']",Comedy,https://www.crunchyroll.com/search?q=Lovely★Complex,https://cdn.myanimelist.net/images/anime/11/75563l.jpg
6707,Kuroshitsuji II,"Action, Comedy, Demons, Fantasy, Shounen, Supernatural",TV,12,7.55,234955,"['Action', 'Comedy', 'Demons', 'Fantasy', 'Shounen', 'Supernatural']",Action,https://www.crunchyroll.com/search?q=Kuroshitsuji+II,https://cdn.myanimelist.net/images/anime/4/50499l.jpg
14289,Sukitte Ii na yo.,"Romance, School, Shoujo",TV,13,7.71,233410,"['Romance', 'School', 'Shoujo']",Romance,https://www.crunchyroll.com/search?q=Sukitte+Ii+na+yo.,https://cdn.myanimelist.net/images/anime/11/39777l.jpg
8425,Gosick,"Drama, Historical, Mystery, Romance",TV,24,8.23,232113,"['Drama', 'Historical', 'Mystery', 'Romance']",Drama,https://www.crunchyroll.com/search?q=Gosick,https://cdn.myanimelist.net/images/anime/11/27906l.jpg
18277,Strike the Blood,"Action, Ecchi, Fantasy, Harem, School, Shounen, Supernatural, Vampire",TV,24,7.44,231387,"['Action', 'Ecchi', 'Fantasy', 'Harem', 'School', 'Shounen', 'Supernatural', 'Vampire']",Action,https://www.crunchyroll.com/search?q=Strike+the+Blood,https://cdn.myanimelist.net/images/anime/5/56163l.jpg
6213,Toaru Kagaku no Railgun,"Action, Sci-Fi, Super Power",TV,24,7.87,231079,"['Action', 'Sci-Fi', 'Super Power']",Action,https://www.crunchyroll.com/search?q=Toaru+Kagaku+no+Railgun,https://cdn.myanimelist.net/images/anime/8/53581l.jpg
5530,Pandora Hearts,"Adventure, Fantasy, Mystery, Shounen, Supernatural",TV,25,7.92,229567,"['Adventure', 'Fantasy', 'Mystery', 'Shounen', 'Supernatural']",Adventure,https://www.crunchyroll.com/search?q=Pandora+Hearts,https://cdn.myanimelist.net/images/anime/4/75535l.jpg
527,Pokemon,"Action, Adventure, Comedy, Fantasy, Kids",TV,276,7.43,229157,"['Action', 'Adventure', 'Comedy', 'Fantasy', 'Kids']",Action,https://www.crunchyroll.com/search?q=Pokemon,https://cdn.myanimelist.net/images/anime/1787/140239l.jpg
23281,Psycho-Pass 2,"Action, Police, Psychological, Sci-Fi",TV,11,7.6,228435,"['Action', 'Police', 'Psychological', 'Sci-Fi']",Action,https://www.crunchyroll.com/search?q=Psycho-Pass+2,https://cdn.myanimelist.net/images/anime/1197/100616l.jpg
30240,Prison School,"Comedy, Ecchi, Romance, School, Seinen",TV,12,8.03,227734,"['Comedy', 'Ecchi', 'Romance', 'School', 'Seinen']",Comedy,https://www.crunchyroll.com/search?q=Prison+School,https://cdn.myanimelist.net/images/anime/1286/112161l.jpg
5958,Sora no Otoshimono,"Comedy, Ecchi, Harem, Romance, Sci-Fi, Shounen, Supernatural",TV,13,7.68,227681,"['Comedy', 'Ecchi', 'Harem', 'Romance', 'Sci-Fi', 'Shounen', 'Supernatural']",Comedy,https://www.crunchyroll.com/search?q=Sora+no+Otoshimono,https://cdn.myanimelist.net/images/anime/1623/151209l.jpg
21995,Ao Haru Ride,"Comedy, Drama, Romance, School, Shoujo, Slice of Life",TV,12,7.89,227417,"['Comedy', 'Drama', 'Romance', 'School', 'Shoujo', 'Slice of Life']",Comedy,https://www.crunchyroll.com/search?q=Ao+Haru+Ride,https://cdn.myanimelist.net/images/anime/8/64813l.jpg
33,Berserk,"Action, Adventure, Demons, Drama, Fantasy, Horror, Military, Romance, Seinen, Supernatural",TV,25,8.4,226430,"['Action', 'Adventure', 'Demons', 'Drama', 'Fantasy', 'Horror', 'Military', 'Romance', 'Seinen', 'Supernatural']",Action,https://www.crunchyroll.com/search?q=Berserk,https://cdn.myanimelist.net/images/anime/10/79352l.jpg
12355,Ookami Kodomo no Ame to Yuki,"Fantasy, Slice of Life",Movie,1,8.84,226193,"['Fantasy', 'Slice of Life']",Fantasy,https://www.crunchyroll.com/search?q=Ookami+Kodomo+no+Ame+to+Yuki,https://cdn.myanimelist.net/images/anime/9/35721l.jpg
22789,Barakamon,"Comedy, Slice of Life",TV,12,8.5,225927,"['Comedy', 'Slice of Life']",Comedy,https://www.crunchyroll.com/search?q=Barakamon,https://cdn.myanimelist.net/images/anime/1426/111248l.jpg
16067,Nagi no Asukara,"Drama, Fantasy, Romance",TV,26,8.32,224947,"['Drama', 'Fantasy', 'Romance']",Drama,https://www.crunchyroll.com/search?q=Nagi+no+Asukara,https://cdn.myanimelist.net/images/anime/7/53549l.jpg
5681,Summer Wars,"Comedy, Sci-Fi",Movie,1,8.3,223359,"['Comedy', 'Sci-Fi']",Comedy,https://www.crunchyroll.com/search?q=Summer+Wars,https://cdn.myanimelist.net/images/anime/1593/116751l.jpg
43,Ghost in the Shell,"Action, Mecha, Police, Psychological, Sci-Fi, Seinen",Movie,1,8.34,223036,"['Action', 'Mecha', 'Police', 'Psychological', 'Sci-Fi', 'Seinen']",Action,https://www.crunchyroll.com/search?q=Ghost+in+the+Shell,https://cdn.myanimelist.net/images/anime/10/82594l.jpg
23847,Yahari Ore no Seishun Love Comedy wa Machigatteiru. Zoku,"Comedy, Drama, Romance, School",TV,13,8.31,222994,"['Comedy', 'Drama', 'Romance', 'School']",Comedy,https://www.crunchyroll.com/search?q=Yahari+Ore+no+Seishun+Love+Comedy+wa+Machigatteiru.+Zoku,https://cdn.myanimelist.net/images/anime/11/75376l.jpg
11499,Sankarea,"Comedy, Ecchi, Horror, Romance, Shounen, Supernatural",TV,12,7.53,222657,"['Comedy', 'Ecchi', 'Horror', 'Romance', 'Shounen', 'Supernatural']",Comedy,https://www.crunchyroll.com/search?q=Sankarea,https://cdn.myanimelist.net/images/anime/1487/95651l.jpg
6573,Darker than Black: Ryuusei no Gemini,"Action, Mystery, Sci-Fi, Super Power",TV,12,7.62,222243,"['Action', 'Mystery', 'Sci-Fi', 'Super Power']",Action,https://www.crunchyroll.com/search?q=Darker+than+Black:+Ryuusei+no+Gemini,https://cdn.myanimelist.net/images/anime/1189/134110l.jpg
24439,Kekkai Sensen,"Action, Fantasy, Shounen, Super Power, Supernatural, Vampire",TV,12,7.74,220573,"['Action', 'Fantasy', 'Shounen', 'Super Power', 'Supernatural', 'Vampire']",Action,https://www.crunchyroll.com/search?q=Kekkai+Sensen,https://cdn.myanimelist.net/images/anime/1449/142053l.jpg
45,Rurouni Kenshin: Meiji Kenkaku Romantan,"Action, Adventure, Comedy, Historical, Romance, Samurai",TV,94,8.43,218928,"['Action', 'Adventure', 'Comedy', 'Historical', 'Romance', 'Samurai']",Action,https://www.crunchyroll.com/search?q=Rurouni+Kenshin:+Meiji+Kenkaku+Romantan,https://cdn.myanimelist.net/images/anime/1346/119505l.jpg
28497,Rokka no Yuusha,"Action, Adventure, Fantasy, Magic, Mystery",TV,12,7.63,218747,"['Action', 'Adventure', 'Fantasy', 'Magic', 'Mystery']",Action,https://www.crunchyroll.com/search?q=Rokka+no+Yuusha,https://cdn.myanimelist.net/images/anime/9/74374l.jpg
15315,Mondaiji-tachi ga Isekai kara Kuru Sou Desu yo?,"Comedy, Fantasy, Supernatural",TV,10,7.85,218231,"['Comedy', 'Fantasy', 'Supernatural']",Comedy,https://www.crunchyroll.com/search?q=Mondaiji-tachi+ga+Isekai+kara+Kuru+Sou+Desu+yo?,https://cdn.myanimelist.net/images/anime/12/43369l.jpg
1889,Higurashi no Naku Koro ni Kai,"Mystery, Psychological, Supernatural, Thriller",TV,24,8.41,218101,"['Mystery', 'Psychological', 'Supernatural', 'Thriller']",Mystery,https://www.crunchyroll.com/search?q=Higurashi+no+Naku+Koro+ni+Kai,https://cdn.myanimelist.net/images/anime/12/14114l.jpg
9513,Beelzebub,"Action, Comedy, Demons, School, Shounen, Supernatural",TV,60,8.04,217752,"['Action', 'Comedy', 'Demons', 'School', 'Shounen', 'Supernatural']",Action,https://www.crunchyroll.com/search?q=Beelzebub,https://cdn.myanimelist.net/images/anime/3/28013l.jpg
8675,Seitokai Yakuindomo,"Comedy, School, Shounen, Slice of Life",TV,13,7.71,217617,"['Comedy', 'School', 'Shounen', 'Slice of Life']",Comedy,https://www.crunchyroll.com/search?q=Seitokai+Yakuindomo,https://cdn.myanimelist.net/images/anime/9/56941l.jpg
22147,Amagi Brilliant Park,"Comedy, Magic",TV,13,7.68,217003,"['Comedy', 'Magic']",Comedy,https://www.crunchyroll.com/search?q=Amagi+Brilliant+Park,https://cdn.myanimelist.net/images/anime/5/85435l.jpg
25013,Akatsuki no Yona,"Action, Adventure, Comedy, Fantasy, Romance, Shoujo",TV,24,8.23,216674,"['Action', 'Adventure', 'Comedy', 'Fantasy', 'Romance', 'Shoujo']",Action,https://www.crunchyroll.com/search?q=Akatsuki+no+Yona,https://cdn.myanimelist.net/images/anime/9/64225l.jpg
11013,Inu x Boku SS,"Comedy, Romance, Shounen, Supernatural",TV,12,7.69,216204,"['Comedy', 'Romance', 'Shounen', 'Supernatural']",Comedy,https://www.crunchyroll.com/search?q=Inu+x+Boku+SS,https://cdn.myanimelist.net/images/anime/1760/98794l.jpg
47,Akira,"Action, Adventure, Horror, Military, Sci-Fi, Supernatural",Movie,1,8.15,215897,"['Action', 'Adventure', 'Horror', 'Military', 'Sci-Fi', 'Supernatural']",Action,https://www.crunchyroll.com/search?q=Akira,https://cdn.myanimelist.net/images/anime/1408/114012l.jpg
339,Serial Experiments Lain,"Dementia, Drama, Mystery, Psychological, Sci-Fi, Supernatural",TV,13,7.99,215829,"['Dementia', 'Drama', 'Mystery', 'Psychological', 'Sci-Fi', 'Supernatural']",Dementia,https://www.crunchyroll.com/search?q=Serial+Experiments+Lain,https://cdn.myanimelist.net/images/anime/1718/91550l.jpg
23321,Log Horizon 2nd Season,"Action, Adventure, Fantasy, Game, Magic, Shounen",TV,25,7.66,215817,"['Action', 'Adventure', 'Fantasy', 'Game', 'Magic', 'Shounen']",Action,https://www.crunchyroll.com/search?q=Log+Horizon+2nd+Season,https://cdn.myanimelist.net/images/anime/5/68097l.jpg
32,Neon Genesis Evangelion: The End of Evangelion,"Dementia, Drama, Mecha, Psychological, Sci-Fi",Movie,1,8.45,215630,"['Dementia', 'Drama', 'Mecha', 'Psychological', 'Sci-Fi']",Dementia,https://www.crunchyroll.com/search?q=Neon+Genesis+Evangelion:+The+End+of+Evangelion,https://cdn.myanimelist.net/images/anime/1404/98182l.jpg
7593,Kiss x Sis (TV),"Comedy, Ecchi, Harem, Romance, School, Seinen",TV,12,7.09,215361,"['Comedy', 'Ecchi', 'Harem', 'Romance', 'School', 'Seinen']",Comedy,https://www.crunchyroll.com/search?q=Kiss+x+Sis+(TV),https://cdn.myanimelist.net/images/anime/1660/121553l.jpg
14967,Boku wa Tomodachi ga Sukunai Next,"Comedy, Harem, Romance, School, Seinen, Slice of Life",TV,12,7.7,214319,"['Comedy', 'Harem', 'Romance', 'School', 'Seinen', 'Slice of Life']",Comedy,https://www.crunchyroll.com/search?q=Boku+wa+Tomodachi+ga+Sukunai+Next,https://cdn.myanimelist.net/images/anime/3/44724l.jpg
27775,Plastic Memories,"Drama, Romance, Sci-Fi",TV,13,7.95,213493,"['Drama', 'Romance', 'Sci-Fi']",Drama,https://www.crunchyroll.com/search?q=Plastic+Memories,https://cdn.myanimelist.net/images/anime/4/72750l.jpg
31859,Hai to Gensou no Grimgar,"Action, Adventure, Drama, Fantasy",TV,12,7.87,213342,"['Action', 'Adventure', 'Drama', 'Fantasy']",Action,https://www.crunchyroll.com/search?q=Hai+to+Gensou+no+Grimgar,https://cdn.myanimelist.net/images/anime/13/77976l.jpg
3712,Zero no Tsukaima: Princesses no Rondo,"Action, Adventure, Comedy, Ecchi, Fantasy, Harem, Magic, Romance, School",TV,12,7.6,210891,"['Action', 'Adventure', 'Comedy', 'Ecchi', 'Fantasy', 'Harem', 'Magic', 'Romance', 'School']",Action,https://www.crunchyroll.com/search?q=Zero+no+Tsukaima:+Princesses+no+Rondo,https://cdn.myanimelist.net/images/anime/6/10256l.jpg
25183,Gangsta.,"Action, Drama, Seinen",TV,12,7.5,210752,"['Action', 'Drama', 'Seinen']",Action,https://www.crunchyroll.com/search?q=Gangsta.,https://cdn.myanimelist.net/images/anime/8/74415l.jpg
4081,Natsume Yuujinchou,"Drama, Fantasy, Shoujo, Slice of Life, Supernatural",TV,13,8.42,210736,"['Drama', 'Fantasy', 'Shoujo', 'Slice of Life', 'Supernatural']",Drama,https://www.crunchyroll.com/search?q=Natsume+Yuujinchou,https://cdn.myanimelist.net/images/anime/1681/108439l.jpg
5341,Ookami to Koushinryou II,"Adventure, Fantasy, Historical, Romance",TV,12,8.46,210491,"['Adventure', 'Fantasy', 'Historical', 'Romance']",Adventure,https://www.crunchyroll.com/search?q=Ookami+to+Koushinryou+II,https://cdn.myanimelist.net/images/anime/6/59399l.jpg
18671,Chuunibyou demo Koi ga Shitai! Ren,"Comedy, Drama, Romance, School, Slice of Life",TV,12,7.6,208885,"['Comedy', 'Drama', 'Romance', 'School', 'Slice of Life']",Comedy,https://www.crunchyroll.com/search?q=Chuunibyou+demo+Koi+ga+Shitai!+Ren,https://cdn.myanimelist.net/images/anime/7/56643l.jpg
25157,Trinity Seven,"Action, Comedy, Ecchi, Fantasy, Harem, Magic, Romance, School, Shounen, Supernatural",TV,12,7.43,208796,"['Action', 'Comedy', 'Ecchi', 'Fantasy', 'Harem', 'Magic', 'Romance', 'School', 'Shounen', 'Supernatural']",Action,https://www.crunchyroll.com/search?q=Trinity+Seven,https://cdn.myanimelist.net/images/anime/12/67795l.jpg
150,Blood+,"Action, Drama, Horror, Military, Mystery, Supernatural, Vampire",TV,50,7.8,208321,"['Action', 'Drama', 'Horror', 'Military', 'Mystery', 'Supernatural', 'Vampire']",Action,https://www.crunchyroll.com/search?q=Blood+,https://cdn.myanimelist.net/images/anime/10/10183l.jpg
6594,Katanagatari,"Action, Adventure, Historical, Martial Arts, Romance",TV,12,8.49,207241,"['Action', 'Adventure', 'Historical', 'Martial Arts', 'Romance']",Action,https://www.crunchyroll.com/search?q=Katanagatari,https://cdn.myanimelist.net/images/anime/1112/119225l.jpg
28701,Fate/stay night: Unlimited Blade Works 2nd Season,"Action, Fantasy, Magic, Shounen, Supernatural",TV,13,8.45,205987,"['Action', 'Fantasy', 'Magic', 'Shounen', 'Supernatural']",Action,https://www.crunchyroll.com/search?q=Fate/stay+night:+Unlimited+Blade+Works+2nd+Season,https://cdn.myanimelist.net/images/anime/1881/124810l.jpg
17074,Monogatari Series: Second Season,"Comedy, Mystery, Romance, Supernatural, Vampire",TV,26,8.8,205959,"['Comedy', 'Mystery', 'Romance', 'Supernatural', 'Vampire']",Comedy,https://www.crunchyroll.com/search?q=Monogatari+Series:+Second+Season,https://cdn.myanimelist.net/images/anime/1807/121534l.jpg
1691,Kaze no Stigma,"Action, Fantasy, Magic, Romance, Shounen",TV,24,7.5,205338,"['Action', 'Fantasy', 'Magic', 'Romance', 'Shounen']",Action,https://www.crunchyroll.com/search?q=Kaze+no+Stigma,https://cdn.myanimelist.net/images/anime/1558/100478l.jpg
4214,Rosario to Vampire Capu2,"Comedy, Ecchi, Fantasy, Harem, Romance, School, Vampire",TV,13,7.24,203958,"['Comedy', 'Ecchi', 'Fantasy', 'Harem', 'Romance', 'School', 'Vampire']",Comedy,https://www.crunchyroll.com/search?q=Rosario+to+Vampire+Capu2,https://cdn.myanimelist.net/images/anime/6/25093l.jpg
7088,Ichiban Ushiro no Daimaou,"Action, Comedy, Ecchi, Fantasy, Harem, Magic, School, Shounen",TV,12,7.21,203618,"['Action', 'Comedy', 'Ecchi', 'Fantasy', 'Harem', 'Magic', 'School', 'Shounen']",Action,https://www.crunchyroll.com/search?q=Ichiban+Ushiro+no+Daimaou,https://cdn.myanimelist.net/images/anime/11/75554l.jpg
1519,Black Lagoon: The Second Barrage,"Action, Seinen",TV,12,8.3,203233,"['Action', 'Seinen']",Action,https://www.crunchyroll.com/search?q=Black+Lagoon:+The+Second+Barrage,https://cdn.myanimelist.net/images/anime/3/83748l.jpg
30015,ReLIFE,"Romance, School, Slice of Life",TV,13,8.24,202249,"['Romance', 'School', 'Slice of Life']",Romance,https://www.crunchyroll.com/search?q=ReLIFE,https://cdn.myanimelist.net/images/anime/3/82149l.jpg
15225,Hentai Ouji to Warawanai Neko.,"Comedy, Harem, Romance, School, Seinen, Supernatural",TV,12,7.46,201735,"['Comedy', 'Harem', 'Romance', 'School', 'Seinen', 'Supernatural']",Comedy,https://www.crunchyroll.com/search?q=Hentai+Ouji+to+Warawanai+Neko.,https://cdn.myanimelist.net/images/anime/3/75788l.jpg
28297,Ore Monogatari!!,"Comedy, Romance, Shoujo",TV,24,8.11,200833,"['Comedy', 'Romance', 'Shoujo']",Comedy,https://www.crunchyroll.com/search?q=Ore+Monogatari!!,https://cdn.myanimelist.net/images/anime/13/69455l.jpg
32281,Kimi no Na wa.,"Drama, Romance, School, Supernatural",Movie,1,9.37,200630,"['Drama', 'Romance', 'School', 'Supernatural']",Drama,https://www.crunchyroll.com/search?q=Kimi+no+Na+wa.,https://cdn.myanimelist.net/images/anime/5/87048l.jpg
11285,Black★Rock Shooter (TV),"Action, Drama, School, Slice of Life",TV,8,7.07,198991,"['Action', 'Drama', 'School', 'Slice of Life']",Action,https://www.crunchyroll.com/search?q=Black★Rock+Shooter+(TV),https://cdn.myanimelist.net/images/anime/5/53909l.jpg
21603,Mekakucity Actors,"Comedy, Romance, Sci-Fi, Super Power, Supernatural",TV,12,7.21,198876,"['Comedy', 'Romance', 'Sci-Fi', 'Super Power', 'Supernatural']",Comedy,https://www.crunchyroll.com/search?q=Mekakucity+Actors,https://cdn.myanimelist.net/images/anime/11/61519l.jpg
4752,Vampire Knight Guilty,"Drama, Mystery, Romance, Shoujo, Supernatural, Vampire",TV,13,7.53,198492,"['Drama', 'Mystery', 'Romance', 'Shoujo', 'Supernatural', 'Vampire']",Drama,https://www.crunchyroll.com/search?q=Vampire+Knight+Guilty,https://cdn.myanimelist.net/images/anime/3/10075l.jpg
31798,Kiznaiver,"Drama, Sci-Fi",TV,12,7.67,197912,"['Drama', 'Sci-Fi']",Drama,https://www.crunchyroll.com/search?q=Kiznaiver,https://cdn.myanimelist.net/images/anime/1085/147246l.jpg
10408,Hotarubi no Mori e,"Drama, Romance, Shoujo, Supernatural",Movie,1,8.61,197439,"['Drama', 'Romance', 'Shoujo', 'Supernatural']",Drama,https://www.crunchyroll.com/search?q=Hotarubi+no+Mori+e,https://cdn.myanimelist.net/images/anime/1599/112267l.jpg
877,Nana,"Comedy, Drama, Music, Romance, Shoujo, Slice of Life",TV,47,8.55,197256,"['Comedy', 'Drama', 'Music', 'Romance', 'Shoujo', 'Slice of Life']",Comedy,https://www.crunchyroll.com/search?q=Nana,https://cdn.myanimelist.net/images/anime/2/11232l.jpg
392,Yuu☆Yuu☆Hakusho,"Action, Comedy, Demons, Fantasy, Martial Arts, School, Shounen",TV,112,8.47,195017,"['Action', 'Comedy', 'Demons', 'Fantasy', 'Martial Arts', 'School', 'Shounen']",Action,https://www.crunchyroll.com/search?q=Yuu☆Yuu☆Hakusho,https://cdn.myanimelist.net/images/anime/1228/111372l.jpg
10162,Usagi Drop,"Josei, Slice of Life",TV,11,8.56,194855,"['Josei', 'Slice of Life']",Josei,https://www.crunchyroll.com/search?q=Usagi+Drop,https://cdn.myanimelist.net/images/anime/1460/98853l.jpg
13659,Ore no Imouto ga Konnani Kawaii Wake ga Nai.,"Comedy, Seinen, Slice of Life",TV,13,7.43,194791,"['Comedy', 'Seinen', 'Slice of Life']",Comedy,https://www.crunchyroll.com/search?q=Ore+no+Imouto+ga+Konnani+Kawaii+Wake+ga+Nai.,https://cdn.myanimelist.net/images/anime/1325/100406l.jpg
857,Air Gear,"Action, Comedy, Ecchi, Shounen, Sports",TV,25,7.69,194611,"['Action', 'Comedy', 'Ecchi', 'Shounen', 'Sports']",Action,https://www.crunchyroll.com/search?q=Air+Gear,https://cdn.myanimelist.net/images/anime/11/18227l.jpg
2759,Evangelion: 1.0 You Are (Not) Alone,"Action, Mecha, Sci-Fi",Movie,1,8.21,194561,"['Action', 'Mecha', 'Sci-Fi']",Action,https://www.crunchyroll.com/search?q=Evangelion:+1.0+You+Are+(Not)+Alone,https://cdn.myanimelist.net/images/anime/7/74975l.jpg
467,Ghost in the Shell: Stand Alone Complex,"Action, Mecha, Military, Police, Sci-Fi, Seinen",TV,26,8.47,194491,"['Action', 'Mecha', 'Military', 'Police', 'Sci-Fi', 'Seinen']",Action,https://www.crunchyroll.com/search?q=Ghost+in+the+Shell:+Stand+Alone+Complex,https://cdn.myanimelist.net/images/anime/11/50857l.jpg
10080,Kami nomi zo Shiru Sekai II,"Comedy, Harem, Romance, Shounen, Supernatural",TV,12,8.12,194300,"['Comedy', 'Harem', 'Romance', 'Shounen', 'Supernatural']",Comedy,https://www.crunchyroll.com/search?q=Kami+nomi+zo+Shiru+Sekai+II,https://cdn.myanimelist.net/images/anime/11/30030l.jpg
29786,Shimoneta to Iu Gainen ga Sonzai Shinai Taikutsu na Sekai,"Comedy, Ecchi, School",TV,12,7.53,193822,"['Comedy', 'Ecchi', 'School']",Comedy,https://www.crunchyroll.com/search?q=Shimoneta+to+Iu+Gainen+ga+Sonzai+Shinai+Taikutsu+na+Sekai,https://cdn.myanimelist.net/images/anime/6/75106l.jpg
32182,Mob Psycho 100,"Action, Comedy, Slice of Life, Supernatural",TV,12,8.55,193716,"['Action', 'Comedy', 'Slice of Life', 'Supernatural']",Action,https://www.crunchyroll.com/search?q=Mob+Psycho+100,https://cdn.myanimelist.net/images/anime/8/80356l.jpg
28677,Yamada-kun to 7-nin no Majo (TV),"Comedy, Harem, Mystery, Romance, School, Shounen, Supernatural",TV,12,7.91,193566,"['Comedy', 'Harem', 'Mystery', 'Romance', 'School', 'Shounen', 'Supernatural']",Comedy,https://www.crunchyroll.com/search?q=Yamada-kun+to+7-nin+no+Majo+(TV),https://cdn.myanimelist.net/images/anime/2/73700l.jpg
7817,B Gata H Kei,"Comedy, Ecchi, Romance, School, Seinen",TV,12,7.18,192719,"['Comedy', 'Ecchi', 'Romance', 'School', 'Seinen']",Comedy,https://www.crunchyroll.com/search?q=B+Gata+H+Kei,https://cdn.myanimelist.net/images/anime/1687/123304l.jpg
27631,God Eater,"Action, Fantasy, Military, Sci-Fi",TV,13,7.55,192433,"['Action', 'Fantasy', 'Military', 'Sci-Fi']",Action,https://www.crunchyroll.com/search?q=God+Eater,https://cdn.myanimelist.net/images/anime/7/73852l.jpg
11577,Steins;Gate Movie: Fuka Ryouiki no Déjà vu,"Sci-Fi, Thriller",Movie,1,8.61,192424,"['Sci-Fi', 'Thriller']",Sci-Fi,https://www.crunchyroll.com/search?q=Steins;Gate+Movie:+Fuka+Ryouiki+no+Déjà+vu,https://cdn.myanimelist.net/images/anime/1611/112806l.jpg
10110,Mayo Chiki!,"Comedy, Ecchi, Harem, Romance, School",TV,13,7.53,192219,"['Comedy', 'Ecchi', 'Harem', 'Romance', 'School']",Comedy,https://www.crunchyroll.com/search?q=Mayo+Chiki!,https://cdn.myanimelist.net/images/anime/13/29971l.jpg
24703,High School DxD BorN,"Action, Comedy, Demons, Ecchi, Harem, Romance, School",TV,12,7.71,192171,"['Action', 'Comedy', 'Demons', 'Ecchi', 'Harem', 'Romance', 'School']",Action,https://www.crunchyroll.com/search?q=High+School+DxD+BorN,https://cdn.myanimelist.net/images/anime/12/73642l.jpg
14719,JoJo no Kimyou na Bouken (TV),"Action, Adventure, Shounen, Supernatural, Vampire",TV,26,8.51,190197,"['Action', 'Adventure', 'Shounen', 'Supernatural', 'Vampire']",Action,https://www.crunchyroll.com/search?q=JoJo+no+Kimyou+na+Bouken+(TV),https://cdn.myanimelist.net/images/anime/3/40409l.jpg
28927,Owari no Seraph: Nagoya Kessen-hen,"Action, Drama, Shounen, Supernatural, Vampire",TV,12,7.84,190058,"['Action', 'Drama', 'Shounen', 'Supernatural', 'Vampire']",Action,https://www.crunchyroll.com/search?q=Owari+no+Seraph:+Nagoya+Kessen-hen,https://cdn.myanimelist.net/images/anime/9/76632l.jpg
16782,Kotonoha no Niwa,"Drama, Psychological, Romance, Slice of Life",Movie,1,8.35,189741,"['Drama', 'Psychological', 'Romance', 'Slice of Life']",Drama,https://www.crunchyroll.com/search?q=Kotonoha+no+Niwa,https://cdn.myanimelist.net/images/anime/1597/112995l.jpg
14713,Kamisama Hajimemashita,"Comedy, Demons, Fantasy, Romance, Shoujo, Supernatural",TV,13,8.13,189641,"['Comedy', 'Demons', 'Fantasy', 'Romance', 'Shoujo', 'Supernatural']",Comedy,https://www.crunchyroll.com/search?q=Kamisama+Hajimemashita,https://cdn.myanimelist.net/images/anime/8/69187l.jpg
23199,Durarara!!x2 Shou,"Action, Mystery, Supernatural",TV,12,8.15,189407,"['Action', 'Mystery', 'Supernatural']",Action,https://www.crunchyroll.com/search?q=Durarara!!x2+Shou,https://cdn.myanimelist.net/images/anime/12/67743l.jpg
6956,Working!!,"Comedy, Slice of Life",TV,13,7.82,189367,"['Comedy', 'Slice of Life']",Comedy,https://www.crunchyroll.com/search?q=Working!!,https://cdn.myanimelist.net/images/anime/10/75262l.jpg
101,Air,"Drama, Romance, Slice of Life, Supernatural",TV,13,7.48,188861,"['Drama', 'Romance', 'Slice of Life', 'Supernatural']",Drama,https://www.crunchyroll.com/search?q=Air,https://cdn.myanimelist.net/images/anime/1825/146531l.jpg
30296,Rakudai Kishi no Cavalry,"Action, Ecchi, Fantasy, Romance, School",TV,12,7.78,188685,"['Action', 'Ecchi', 'Fantasy', 'Romance', 'School']",Action,https://www.crunchyroll.com/search?q=Rakudai+Kishi+no+Cavalry,https://cdn.myanimelist.net/images/anime/9/76493l.jpg
31478,Bungou Stray Dogs,"Action, Comedy, Mystery, Seinen, Supernatural",TV,12,7.76,187805,"['Action', 'Comedy', 'Mystery', 'Seinen', 'Supernatural']",Action,https://www.crunchyroll.com/search?q=Bungou+Stray+Dogs,https://cdn.myanimelist.net/images/anime/3/79409l.jpg
430,Fullmetal Alchemist: The Conqueror of Shamballa,"Comedy, Drama, Fantasy, Historical, Military, Shounen",Movie,1,7.74,186465,"['Comedy', 'Drama', 'Fantasy', 'Historical', 'Military', 'Shounen']",Comedy,https://www.crunchyroll.com/search?q=Fullmetal+Alchemist:+The+Conqueror+of+Shamballa,https://cdn.myanimelist.net/images/anime/1707/94039l.jpg
19163,Date A Live II,"Comedy, Harem, Mecha, Romance, School, Sci-Fi",TV,10,7.5,186187,"['Comedy', 'Harem', 'Mecha', 'Romance', 'School', 'Sci-Fi']",Comedy,https://www.crunchyroll.com/search?q=Date+A+Live+II,https://cdn.myanimelist.net/images/anime/1690/141818l.jpg
32282,Shokugeki no Souma: Ni no Sara,"Ecchi, School, Shounen",TV,13,8.5,185015,"['Ecchi', 'School', 'Shounen']",Ecchi,https://www.crunchyroll.com/search?q=Shokugeki+no+Souma:+Ni+no+Sara,https://cdn.myanimelist.net/images/anime/8/79353l.jpg
24415,Kuroko no Basket 3rd Season,"Comedy, School, Shounen, Sports",TV,25,8.62,184525,"['Comedy', 'School', 'Shounen', 'Sports']",Comedy,https://www.crunchyroll.com/search?q=Kuroko+no+Basket+3rd+Season,https://cdn.myanimelist.net/images/anime/4/68299l.jpg
2787,Shakugan no Shana II (Second),"Action, Drama, Fantasy, Romance, School, Supernatural",TV,24,7.79,184525,"['Action', 'Drama', 'Fantasy', 'Romance', 'School', 'Supernatural']",Action,https://www.crunchyroll.com/search?q=Shakugan+no+Shana+II+(Second),https://cdn.myanimelist.net/images/anime/1827/134365l.jpg
8937,Toaru Majutsu no Index II,"Action, Magic, Sci-Fi, Super Power",TV,24,7.84,184520,"['Action', 'Magic', 'Sci-Fi', 'Super Power']",Action,https://www.crunchyroll.com/search?q=Toaru+Majutsu+no+Index+II,https://cdn.myanimelist.net/images/anime/9/75612l.jpg
8516,Baka to Test to Shoukanjuu Ni!,"Comedy, Romance, School, Super Power",TV,13,7.98,183722,"['Comedy', 'Romance', 'School', 'Super Power']",Comedy,https://www.crunchyroll.com/search?q=Baka+to+Test+to+Shoukanjuu+Ni!,https://cdn.myanimelist.net/images/anime/1415/145672l.jpg
4063,Sekirei,"Action, Comedy, Ecchi, Harem, Super Power",TV,12,7.4,182713,"['Action', 'Comedy', 'Ecchi', 'Harem', 'Super Power']",Action,https://www.crunchyroll.com/search?q=Sekirei,https://cdn.myanimelist.net/images/anime/10/15182l.jpg
3784,Evangelion: 2.0 You Can (Not) Advance,"Action, Mecha, Sci-Fi",Movie,1,8.53,182224,"['Action', 'Mecha', 'Sci-Fi']",Action,https://www.crunchyroll.com/search?q=Evangelion:+2.0+You+Can+(Not)+Advance,https://cdn.myanimelist.net/images/anime/5/74983l.jpg
552,Digimon Adventure,"Action, Adventure, Comedy, Fantasy, Kids",TV,54,7.89,182208,"['Action', 'Adventure', 'Comedy', 'Fantasy', 'Kids']",Action,https://www.crunchyroll.com/search?q=Digimon+Adventure,https://cdn.myanimelist.net/images/anime/1471/99249l.jpg
30307,Monster Musume no Iru Nichijou,"Comedy, Ecchi, Fantasy, Harem, Romance, Seinen",TV,12,7.39,181845,"['Comedy', 'Ecchi', 'Fantasy', 'Harem', 'Romance', 'Seinen']",Comedy,https://www.crunchyroll.com/search?q=Monster+Musume+no+Iru+Nichijou,https://cdn.myanimelist.net/images/anime/9/75104l.jpg
232,Cardcaptor Sakura,"Adventure, Comedy, Drama, Fantasy, Magic, Romance, School, Shoujo",TV,70,8.18,181249,"['Adventure', 'Comedy', 'Drama', 'Fantasy', 'Magic', 'Romance', 'School', 'Shoujo']",Adventure,https://www.crunchyroll.com/search?q=Cardcaptor+Sakura,https://cdn.myanimelist.net/images/anime/8/60781l.jpg
27787,Nisekoi:,"Comedy, Harem, Romance, School, Shounen",TV,12,7.5,180686,"['Comedy', 'Harem', 'Romance', 'School', 'Shounen']",Comedy,https://www.crunchyroll.com/search?q=Nisekoi:,https://cdn.myanimelist.net/images/anime/13/75587l.jpg
10790,Kore wa Zombie Desu ka? of the Dead,"Action, Comedy, Ecchi, Harem, Magic, Supernatural",TV,10,7.78,180032,"['Action', 'Comedy', 'Ecchi', 'Harem', 'Magic', 'Supernatural']",Action,https://www.crunchyroll.com/search?q=Kore+wa+Zombie+Desu+ka?+of+the+Dead,https://cdn.myanimelist.net/images/anime/4/37451l.jpg
19221,"Ore no Nounai Sentakushi ga, Gakuen Love Comedy wo Zenryoku de Jama Shiteiru","Comedy, Romance, School",TV,10,7.55,179569,"['Comedy', 'Romance', 'School']",Comedy,"https://www.crunchyroll.com/search?q=Ore+no+Nounai+Sentakushi+ga,+Gakuen+Love+Comedy+wo+Zenryoku+de+Jama+Shiteiru",https://cdn.myanimelist.net/images/anime/10/53235l.jpg
28891,Haikyuu!! Second Season,"Comedy, Drama, School, Shounen, Sports",TV,25,8.93,179342,"['Comedy', 'Drama', 'School', 'Shounen', 'Sports']",Comedy,https://www.crunchyroll.com/search?q=Haikyuu!!+Second+Season,https://cdn.myanimelist.net/images/anime/9/76662l.jpg
2593,Kara no Kyoukai 1: Fukan Fuukei,"Action, Mystery, Supernatural, Thriller",Movie,1,7.81,178880,"['Action', 'Mystery', 'Supernatural', 'Thriller']",Action,https://www.crunchyroll.com/search?q=Kara+no+Kyoukai+1:+Fukan+Fuukei,https://cdn.myanimelist.net/images/anime/12/21741l.jpg
24,School Rumble,"Comedy, Romance, School, Shounen",TV,26,8.06,178553,"['Comedy', 'Romance', 'School', 'Shounen']",Comedy,https://www.crunchyroll.com/search?q=School+Rumble,https://cdn.myanimelist.net/images/anime/1465/142014l.jpg
17729,Grisaia no Kajitsu,"Drama, Harem, Psychological, Romance, School",TV,13,7.67,178166,"['Drama', 'Harem', 'Psychological', 'Romance', 'School']",Drama,https://www.crunchyroll.com/search?q=Grisaia+no+Kajitsu,https://cdn.myanimelist.net/images/anime/1645/112632l.jpg
30654,Ansatsu Kyoushitsu (TV) 2nd Season,"Action, Comedy, School, Shounen",TV,25,8.68,176475,"['Action', 'Comedy', 'School', 'Shounen']",Action,https://www.crunchyroll.com/search?q=Ansatsu+Kyoushitsu+(TV)+2nd+Season,https://cdn.myanimelist.net/images/anime/5/75639l.jpg
578,Hotaru no Haka,"Drama, Historical",Movie,1,8.58,174878,"['Drama', 'Historical']",Drama,https://www.crunchyroll.com/search?q=Hotaru+no+Haka,https://cdn.myanimelist.net/images/anime/1485/141208l.jpg
2605,Sayonara Zetsubou Sensei,"Comedy, Parody, School",TV,12,8.03,174531,"['Comedy', 'Parody', 'School']",Comedy,https://www.crunchyroll.com/search?q=Sayonara+Zetsubou+Sensei,https://cdn.myanimelist.net/images/anime/5/6559l.jpg
11319,Zero no Tsukaima F,"Adventure, Ecchi, Fantasy, Magic, Romance",TV,12,7.77,174026,"['Adventure', 'Ecchi', 'Fantasy', 'Magic', 'Romance']",Adventure,https://www.crunchyroll.com/search?q=Zero+no+Tsukaima+F,https://cdn.myanimelist.net/images/anime/2/75559l.jpg
3470,Special A,"Comedy, Romance, School, Shoujo",TV,24,7.78,173603,"['Comedy', 'Romance', 'School', 'Shoujo']",Comedy,https://www.crunchyroll.com/search?q=Special+A,https://cdn.myanimelist.net/images/anime/8/77363l.jpg
15689,Nekomonogatari: Kuro,"Comedy, Romance, Supernatural",TV,4,8.06,173264,"['Comedy', 'Romance', 'Supernatural']",Comedy,https://www.crunchyroll.com/search?q=Nekomonogatari:+Kuro,https://cdn.myanimelist.net/images/anime/1170/121597l.jpg
228,Jigoku Shoujo,"Horror, Mystery, Psychological, Supernatural",TV,26,7.79,172415,"['Horror', 'Mystery', 'Psychological', 'Supernatural']",Horror,https://www.crunchyroll.com/search?q=Jigoku+Shoujo,https://cdn.myanimelist.net/images/anime/4/86907l.jpg
12445,Tasogare Otome x Amnesia,"Horror, Mystery, Romance, School, Shounen, Supernatural",TV,12,7.95,172367,"['Horror', 'Mystery', 'Romance', 'School', 'Shounen', 'Supernatural']",Horror,https://www.crunchyroll.com/search?q=Tasogare+Otome+x+Amnesia,https://cdn.myanimelist.net/images/anime/12/64435l.jpg
23233,Shinmai Maou no Testament,"Action, Demons, Ecchi, Fantasy, Harem, Romance",TV,12,7.11,172321,"['Action', 'Demons', 'Ecchi', 'Fantasy', 'Harem', 'Romance']",Action,https://www.crunchyroll.com/search?q=Shinmai+Maou+no+Testament,https://cdn.myanimelist.net/images/anime/1654/112033l.jpg
8630,Hidan no Aria,"Action, Comedy, Romance, School",TV,12,7.13,171888,"['Action', 'Comedy', 'Romance', 'School']",Action,https://www.crunchyroll.com/search?q=Hidan+no+Aria,https://cdn.myanimelist.net/images/anime/9/30095l.jpg
9656,Kimi ni Todoke 2nd Season,"Romance, School, Shoujo, Slice of Life",TV,12,8.17,171866,"['Romance', 'School', 'Shoujo', 'Slice of Life']",Romance,https://www.crunchyroll.com/search?q=Kimi+ni+Todoke+2nd+Season,https://cdn.myanimelist.net/images/anime/1311/121574l.jpg
202,Wolf&#039;s Rain,"Action, Adventure, Drama, Fantasy, Mystery, Sci-Fi",TV,26,7.93,171863,"['Action', 'Adventure', 'Drama', 'Fantasy', 'Mystery', 'Sci-Fi']",Action,https://www.crunchyroll.com/search?q=Wolf&#039;s+Rain,https://cdn.myanimelist.net/images/anime/1059/142414l.jpg
32542,Sakamoto desu ga?,"Comedy, School, Seinen",TV,12,7.67,171452,"['Comedy', 'School', 'Seinen']",Comedy,https://www.crunchyroll.com/search?q=Sakamoto+desu+ga?,https://cdn.myanimelist.net/images/anime/4/79468l.jpg
16011,Tokyo Ravens,"Comedy, School, Shounen, Super Power, Supernatural",TV,24,7.8,171384,"['Comedy', 'School', 'Shounen', 'Super Power', 'Supernatural']",Comedy,https://www.crunchyroll.com/search?q=Tokyo+Ravens,https://cdn.myanimelist.net/images/anime/13/75094l.jpg
72,Full Metal Panic? Fumoffu,"Action, Comedy, School",TV,12,8.21,171086,"['Action', 'Comedy', 'School']",Action,https://www.crunchyroll.com/search?q=Full+Metal+Panic?+Fumoffu,https://cdn.myanimelist.net/images/anime/4/75260l.jpg
66,Azumanga Daioh,"Comedy, School, Slice of Life",TV,26,8.06,170901,"['Comedy', 'School', 'Slice of Life']",Comedy,https://www.crunchyroll.com/search?q=Azumanga+Daioh,https://cdn.myanimelist.net/images/anime/1066/117358l.jpg
16524,Suisei no Gargantia,"Action, Adventure, Mecha, Sci-Fi",TV,13,7.64,170754,"['Action', 'Adventure', 'Mecha', 'Sci-Fi']",Action,https://www.crunchyroll.com/search?q=Suisei+no+Gargantia,https://cdn.myanimelist.net/images/anime/11/48817l.jpg
11433,Ano Natsu de Matteru,"Comedy, Drama, Romance, Sci-Fi, Slice of Life",TV,12,7.7,169718,"['Comedy', 'Drama', 'Romance', 'Sci-Fi', 'Slice of Life']",Comedy,https://www.crunchyroll.com/search?q=Ano+Natsu+de+Matteru,https://cdn.myanimelist.net/images/anime/12/59405l.jpg
154,Shaman King,"Action, Adventure, Comedy, Drama, Shounen, Supernatural",TV,64,7.83,169517,"['Action', 'Adventure', 'Comedy', 'Drama', 'Shounen', 'Supernatural']",Action,https://www.crunchyroll.com/search?q=Shaman+King,https://cdn.myanimelist.net/images/anime/1416/113270l.jpg
30544,Gakusen Toshi Asterisk,"Action, Comedy, Ecchi, Fantasy, Harem, Romance, School, Sci-Fi, Supernatural",TV,12,7.14,168657,"['Action', 'Comedy', 'Ecchi', 'Fantasy', 'Harem', 'Romance', 'School', 'Sci-Fi', 'Supernatural']",Action,https://www.crunchyroll.com/search?q=Gakusen+Toshi+Asterisk,https://cdn.myanimelist.net/images/anime/5/76034l.jpg
31442,Musaigen no Phantom World,"Action, Comedy, Fantasy, Slice of Life, Supernatural",TV,13,7.03,168482,"['Action', 'Comedy', 'Fantasy', 'Slice of Life', 'Supernatural']",Action,https://www.crunchyroll.com/search?q=Musaigen+no+Phantom+World,https://cdn.myanimelist.net/images/anime/4/78339l.jpg
10161,No.6,"Action, Sci-Fi",TV,11,7.76,168017,"['Action', 'Sci-Fi']",Action,https://www.crunchyroll.com/search?q=No.6,https://cdn.myanimelist.net/images/anime/1474/90768l.jpg
1726,Devil May Cry,"Action, Demons, Fantasy",TV,12,7.15,166398,"['Action', 'Demons', 'Fantasy']",Action,https://www.crunchyroll.com/search?q=Devil+May+Cry,https://cdn.myanimelist.net/images/anime/4/26417l.jpg
136,Hunter x Hunter,"Action, Adventure, Shounen, Super Power",TV,62,8.48,166255,"['Action', 'Adventure', 'Shounen', 'Super Power']",Action,https://www.crunchyroll.com/search?q=Hunter+x+Hunter,https://cdn.myanimelist.net/images/anime/1305/132237l.jpg
32729,Orange,"Drama, Romance, School, Sci-Fi, Shoujo",TV,13,7.78,165358,"['Drama', 'Romance', 'School', 'Sci-Fi', 'Shoujo']",Drama,https://www.crunchyroll.com/search?q=Orange,https://cdn.myanimelist.net/images/anime/1415/102477l.jpg
384,Gantz,"Action, Drama, Horror, Psychological, Sci-Fi, Supernatural",TV,13,7.27,165335,"['Action', 'Drama', 'Horror', 'Psychological', 'Sci-Fi', 'Supernatural']",Action,https://www.crunchyroll.com/search?q=Gantz,https://cdn.myanimelist.net/images/anime/13/5998l.jpg
2104,Seto no Hanayome,"Comedy, Parody, Romance, School",TV,26,7.95,165008,"['Comedy', 'Parody', 'Romance', 'School']",Comedy,https://www.crunchyroll.com/search?q=Seto+no+Hanayome,https://cdn.myanimelist.net/images/anime/1573/146854l.jpg
20853,Hitsugi no Chaika,"Action, Adventure, Comedy, Fantasy, Romance, Shounen",TV,12,7.47,164510,"['Action', 'Adventure', 'Comedy', 'Fantasy', 'Romance', 'Shounen']",Action,https://www.crunchyroll.com/search?q=Hitsugi+no+Chaika,https://cdn.myanimelist.net/images/anime/4/61781l.jpg
14833,Maoyuu Maou Yuusha,"Adventure, Demons, Fantasy, Historical, Romance",TV,12,7.44,164445,"['Adventure', 'Demons', 'Fantasy', 'Historical', 'Romance']",Adventure,https://www.crunchyroll.com/search?q=Maoyuu+Maou+Yuusha,https://cdn.myanimelist.net/images/anime/4/46041l.jpg
1943,Paprika,"Fantasy, Horror, Mystery, Psychological, Sci-Fi, Thriller",Movie,1,8.15,163308,"['Fantasy', 'Horror', 'Mystery', 'Psychological', 'Sci-Fi', 'Thriller']",Fantasy,https://www.crunchyroll.com/search?q=Paprika,https://cdn.myanimelist.net/images/anime/1929/93629l.jpg
1530,Kanon (2006),"Drama, Romance, Slice of Life, Supernatural",TV,24,8.17,163171,"['Drama', 'Romance', 'Slice of Life', 'Supernatural']",Drama,https://www.crunchyroll.com/search?q=Kanon+(2006),https://cdn.myanimelist.net/images/anime/1362/128746l.jpg
7647,Arakawa Under the Bridge,"Comedy, Romance, Seinen",TV,13,7.71,162622,"['Comedy', 'Romance', 'Seinen']",Comedy,https://www.crunchyroll.com/search?q=Arakawa+Under+the+Bridge,https://cdn.myanimelist.net/images/anime/1019/98620l.jpg
31580,Ajin,"Action, Horror, Mystery, Seinen, Supernatural",TV,13,7.78,160972,"['Action', 'Horror', 'Mystery', 'Seinen', 'Supernatural']",Action,https://www.crunchyroll.com/search?q=Ajin,https://cdn.myanimelist.net/images/anime/13/77968l.jpg
4059,"Clannad: Mou Hitotsu no Sekai, Tomoyo-hen","Drama, Romance, School, Slice of Life",Special,1,8.14,160423,"['Drama', 'Romance', 'School', 'Slice of Life']",Drama,"https://www.crunchyroll.com/search?q=Clannad:+Mou+Hitotsu+no+Sekai,+Tomoyo-hen",https://cdn.myanimelist.net/images/anime/12/19620l.jpg
21431,Gokukoku no Brynhildr,"Drama, Mystery, Sci-Fi, Seinen",TV,13,7.09,159899,"['Drama', 'Mystery', 'Sci-Fi', 'Seinen']",Drama,https://www.crunchyroll.com/search?q=Gokukoku+no+Brynhildr,https://cdn.myanimelist.net/images/anime/5/61433l.jpg
21405,Bokura wa Minna Kawaisou,"Comedy, Romance, School, Slice of Life",TV,12,7.9,159793,"['Comedy', 'Romance', 'School', 'Slice of Life']",Comedy,https://www.crunchyroll.com/search?q=Bokura+wa+Minna+Kawaisou,https://cdn.myanimelist.net/images/anime/1257/145479l.jpg
